매장명,게시물키,등록일시,결과,비고,게시물ID,문구미리보기
KT플라자 가좌동 가좌점,dc6380bb5f00,2026-08-27T02:24:33.678Z,성공,,accounts/108642176633190765581/locations/13487768559596696589/localPosts/8845891922303560415,"📢 새로워진 Galaxy 폴더블8, KT플라자에서 직접 체험해보세요! "
KT플라자 가좌동 가좌점,dc6380bb5f00,2026-08-27T02:31:20.077Z,성공,일괄 수정됨,accounts/108642176633190765581/locations/13487768559596696589/localPosts/8845891922303560415,"📢 새로워진 Galaxy 폴더블8, KT플라자에서 직접 체험해보세요!"
KT플라자 가좌동 가좌점,dc6380bb5f00,2026-08-27T02:32:07.235Z,삭제됨,일괄 삭제됨,,
KT플라자 가좌동 가좌점,a6f1daeadf48,2026-08-27T04:35:09.307Z,성공,,accounts/108642176633190765581/locations/13487768559596696589/localPosts/715663164621297029,"📢 새로워진 Galaxy 폴더블8, KT플라자에서 직접 체험해보세요!"
KT플라자 가좌동 가좌점,a6f1daeadf48,2026-08-27T04:38:48.470Z,성공,,accounts/108642176633190765581/locations/13487768559596696589/localPosts/1871372950744927919,"📢 새로워진 Galaxy 폴더블8, KT플라자에서 직접 체험해보세요!"
KT플라자 가경동 가경점,ac7696effead,2026-09-01T02:59:16.998Z,성공,,accounts/108642176633190765581/locations/10631995688201630175/localPosts/753431289504098167,갤럭시·아이폰 신모델 혜택 소식을 빠르게 확인하는 방법은? KT플라자 매
KT플라자 가오동 가오점,ac7696effead,2026-09-01T02:59:19.967Z,성공,,accounts/108642176633190765581/locations/9171218801318082779/localPosts/3232119274637933759,갤럭시·아이폰 신모델 혜택 소식을 빠르게 확인하는 방법은? KT플라자 매
KT플라자 가좌동 가좌점,ac7696effead,2026-09-01T02:59:23.039Z,성공,,accounts/108642176633190765581/locations/13487768559596696589/localPosts/7054398234544768697,갤럭시·아이폰 신모델 혜택 소식을 빠르게 확인하는 방법은? KT플라자 매
KT플라자 감삼동 죽전점,ac7696effead,2026-09-01T02:59:26.212Z,성공,,accounts/108642176633190765581/locations/5896421977033509373/localPosts/2737403273570883434,갤럭시·아이폰 신모델 혜택 소식을 빠르게 확인하는 방법은? KT플라자 매
KT플라자 거제동 사직종합운동장점,ac7696effead,2026-09-01T02:59:29.059Z,성공,,accounts/108642176633190765581/locations/68358057139349867/localPosts/2842352671625440118,갤럭시·아이폰 신모델 혜택 소식을 빠르게 확인하는 방법은? KT플라자 매
KT플라자 고잔동 안산중앙역점,ac7696effead,2026-09-01T02:59:32.155Z,성공,,accounts/108642176633190765581/locations/7685000039929240170/localPosts/1300432631711442687,갤럭시·아이폰 신모델 혜택 소식을 빠르게 확인하는 방법은? KT플라자 매
KT플라자 고현동 고현점,ac7696effead,2026-09-01T02:59:34.918Z,성공,,accounts/108642176633190765581/locations/1339355563132997739/localPosts/1147638399022614605,갤럭시·아이폰 신모델 혜택 소식을 빠르게 확인하는 방법은? KT플라자 매
KT플라자 관평동 관평점,ac7696effead,2026-09-01T02:59:38.909Z,성공,,accounts/108642176633190765581/locations/11242526508589466273/localPosts/2079154668366626779,갤럭시·아이폰 신모델 혜택 소식을 빠르게 확인하는 방법은? KT플라자 매
KT플라자 관평동 테크노점,ac7696effead,2026-09-01T02:59:41.963Z,성공,,accounts/108642176633190765581/locations/12628224965503727331/localPosts/7520669994321153083,갤럭시·아이폰 신모델 혜택 소식을 빠르게 확인하는 방법은? KT플라자 매
KT플라자 광교상현역점,ac7696effead,2026-09-01T02:59:45.008Z,성공,,accounts/108642176633190765581/locations/17313415860673145315/localPosts/1765319285047392674,갤럭시·아이폰 신모델 혜택 소식을 빠르게 확인하는 방법은? KT플라자 매
KT플라자 광명동 광명점,ac7696effead,2026-09-01T02:59:48.127Z,성공,,accounts/108642176633190765581/locations/3290711783566963817/localPosts/4396624375762173910,갤럭시·아이폰 신모델 혜택 소식을 빠르게 확인하는 방법은? KT플라자 매
KT플라자 괘법동 사상역점,ac7696effead,2026-09-01T02:59:50.992Z,성공,,accounts/108642176633190765581/locations/3385211825575463385/localPosts/5078985639636502978,갤럭시·아이폰 신모델 혜택 소식을 빠르게 확인하는 방법은? KT플라자 매
KT플라자 교대역점,ac7696effead,2026-09-01T02:59:54.066Z,성공,,accounts/108642176633190765581/locations/1680046333021124375/localPosts/7539315209109749987,갤럭시·아이폰 신모델 혜택 소식을 빠르게 확인하는 방법은? KT플라자 매
KT플라자 구래동 구래점,ac7696effead,2026-09-01T02:59:57.444Z,성공,,accounts/108642176633190765581/locations/11834015300631427660/localPosts/1682277764503053408,갤럭시·아이폰 신모델 혜택 소식을 빠르게 확인하는 방법은? KT플라자 매
KT플라자 구로동 구로디지털점,ac7696effead,2026-09-01T03:00:00.954Z,성공,,accounts/108642176633190765581/locations/11032238047138927787/localPosts/6120395028486890196,갤럭시·아이폰 신모델 혜택 소식을 빠르게 확인하는 방법은? KT플라자 매
KT플라자 구미동 분당미금역점,ac7696effead,2026-09-01T03:00:05.023Z,성공,,accounts/108642176633190765581/locations/18330903371147354847/localPosts/3118362344951323704,갤럭시·아이폰 신모델 혜택 소식을 빠르게 확인하는 방법은? KT플라자 매
KT플라자 구미동 오리점,ac7696effead,2026-09-01T03:00:08.300Z,성공,,accounts/108642176633190765581/locations/17633893059099113007/localPosts/3383463029495262453,갤럭시·아이폰 신모델 혜택 소식을 빠르게 확인하는 방법은? KT플라자 매
KT플라자 구서동 구서역점,ac7696effead,2026-09-01T03:00:12.004Z,성공,,accounts/108642176633190765581/locations/157291518472505404/localPosts/6971267251949615536,갤럭시·아이폰 신모델 혜택 소식을 빠르게 확인하는 방법은? KT플라자 매
KT플라자 구월동 구월점,ac7696effead,2026-09-01T03:00:15.216Z,성공,,accounts/108642176633190765581/locations/8429402546543943831/localPosts/83473798057505613,갤럭시·아이폰 신모델 혜택 소식을 빠르게 확인하는 방법은? KT플라자 매
KT플라자 금촌동 금릉역점,ac7696effead,2026-09-01T03:00:19.117Z,성공,,accounts/108642176633190765581/locations/5247521556254744457/localPosts/7479979531738774019,갤럭시·아이폰 신모델 혜택 소식을 빠르게 확인하는 방법은? KT플라자 매
KT플라자 금호동 금호동점,ac7696effead,2026-09-01T03:00:21.792Z,성공,,accounts/108642176633190765581/locations/4931719375082345427/localPosts/8591937537884898271,갤럭시·아이폰 신모델 혜택 소식을 빠르게 확인하는 방법은? KT플라자 매
KT플라자 김량장동 김량장점,ac7696effead,2026-09-01T03:00:24.684Z,성공,,accounts/108642176633190765581/locations/5021019434322822393/localPosts/7774503569620052725,갤럭시·아이폰 신모델 혜택 소식을 빠르게 확인하는 방법은? KT플라자 매
KT플라자 김천중앙점,ac7696effead,2026-09-01T03:00:28.815Z,성공,,accounts/108642176633190765581/locations/2534398099051041935/localPosts/3446698739715171403,갤럭시·아이폰 신모델 혜택 소식을 빠르게 확인하는 방법은? KT플라자 매
KT플라자 나성동 세종첫마을점,ac7696effead,2026-09-01T03:00:31.732Z,성공,,accounts/108642176633190765581/locations/15477859993133588832/localPosts/4752678714941237652,갤럭시·아이폰 신모델 혜택 소식을 빠르게 확인하는 방법은? KT플라자 매
KT플라자 남가좌동 명지대사거리점,ac7696effead,2026-09-01T03:00:35.640Z,성공,,accounts/108642176633190765581/locations/11777982765974686522/localPosts/3174060443805699868,갤럭시·아이폰 신모델 혜택 소식을 빠르게 확인하는 방법은? KT플라자 매
KT플라자 내서읍 삼계점,ac7696effead,2026-09-01T03:00:39.666Z,성공,,accounts/108642176633190765581/locations/11232819832708982934/localPosts/4076582375314649592,갤럭시·아이폰 신모델 혜택 소식을 빠르게 확인하는 방법은? KT플라자 매
KT플라자 노량진동 노량진점,ac7696effead,2026-09-01T03:00:42.410Z,성공,,accounts/108642176633190765581/locations/5514815131802300300/localPosts/1353897270902002768,갤럭시·아이폰 신모델 혜택 소식을 빠르게 확인하는 방법은? KT플라자 매
KT플라자 노형동 노형드림점,ac7696effead,2026-09-01T03:00:46.116Z,성공,,accounts/108642176633190765581/locations/11382289267806730931/localPosts/2342683178982952618,갤럭시·아이폰 신모델 혜택 소식을 빠르게 확인하는 방법은? KT플라자 매
KT플라자 노형동 노형점,ac7696effead,2026-09-01T03:00:49.123Z,성공,,accounts/108642176633190765581/locations/16150756688227059590/localPosts/6840494869296163765,갤럭시·아이폰 신모델 혜택 소식을 빠르게 확인하는 방법은? KT플라자 매
KT플라자 다산동 다산신도시점,ac7696effead,2026-09-01T03:00:51.990Z,성공,,accounts/108642176633190765581/locations/9146439307285927063/localPosts/7822258931545971084,갤럭시·아이폰 신모델 혜택 소식을 빠르게 확인하는 방법은? KT플라자 매
KT플라자 다산동 도농로점,ac7696effead,2026-09-01T03:00:55.313Z,성공,,accounts/108642176633190765581/locations/15722310100030904463/localPosts/6109102042235596984,갤럭시·아이폰 신모델 혜택 소식을 빠르게 확인하는 방법은? KT플라자 매
KT플라자 단구동 원주단구점,ac7696effead,2026-09-01T03:00:58.573Z,성공,,accounts/108642176633190765581/locations/3907826932383191950/localPosts/2042610683864691223,갤럭시·아이폰 신모델 혜택 소식을 빠르게 확인하는 방법은? KT플라자 매
KT플라자 당산동 당산점,ac7696effead,2026-09-01T03:01:01.753Z,성공,,accounts/108642176633190765581/locations/14996988231268738210/localPosts/4175346189140935015,갤럭시·아이폰 신모델 혜택 소식을 빠르게 확인하는 방법은? KT플라자 매
KT플라자 당산동 영등포구청역점,ac7696effead,2026-09-01T03:01:04.576Z,성공,,accounts/108642176633190765581/locations/6391858568866318264/localPosts/6211015360537134969,갤럭시·아이폰 신모델 혜택 소식을 빠르게 확인하는 방법은? KT플라자 매
KT플라자 당주동 광화문중앙점,ac7696effead,2026-09-01T03:01:07.514Z,성공,,accounts/108642176633190765581/locations/2610185060497033446/localPosts/7512193231420057789,갤럭시·아이폰 신모델 혜택 소식을 빠르게 확인하는 방법은? KT플라자 매
KT플라자 대동 영남대점,ac7696effead,2026-09-01T03:01:10.662Z,성공,,accounts/108642176633190765581/locations/3904745476099512075/localPosts/2599846879126803273,갤럭시·아이폰 신모델 혜택 소식을 빠르게 확인하는 방법은? KT플라자 매
KT플라자 대림동 대림역점,ac7696effead,2026-09-01T03:01:14.143Z,성공,,accounts/108642176633190765581/locations/6518374215239920731/localPosts/6187357202783072275,갤럭시·아이폰 신모델 혜택 소식을 빠르게 확인하는 방법은? KT플라자 매
KT플라자 대천동 대천점,ac7696effead,2026-09-01T03:01:18.056Z,성공,,accounts/108642176633190765581/locations/11963315964501587407/localPosts/6302745127054013598,갤럭시·아이폰 신모델 혜택 소식을 빠르게 확인하는 방법은? KT플라자 매
KT플라자 대천동 대천중앙로점,ac7696effead,2026-09-01T03:01:21.960Z,성공,,accounts/108642176633190765581/locations/10348831812190877373/localPosts/127955165264826364,갤럭시·아이폰 신모델 혜택 소식을 빠르게 확인하는 방법은? KT플라자 매
KT플라자 대흥동 시네마점,ac7696effead,2026-09-01T03:01:25.626Z,성공,,accounts/108642176633190765581/locations/4423232267008078835/localPosts/6005635056535854476,갤럭시·아이폰 신모델 혜택 소식을 빠르게 확인하는 방법은? KT플라자 매
KT플라자 덕계동 양주덕계점,ac7696effead,2026-09-01T03:01:28.779Z,성공,,accounts/108642176633190765581/locations/7544571193427447227/localPosts/7968051771761313145,갤럭시·아이폰 신모델 혜택 소식을 빠르게 확인하는 방법은? KT플라자 매
KT플라자 독산씨티렉스점,ac7696effead,2026-09-01T03:01:31.652Z,성공,,accounts/108642176633190765581/locations/8351926782734731016/localPosts/2458699986726069241,갤럭시·아이폰 신모델 혜택 소식을 빠르게 확인하는 방법은? KT플라자 매
KT플라자 동광양점,ac7696effead,2026-09-01T03:01:35.135Z,성공,,accounts/108642176633190765581/locations/2890687889470396757/localPosts/4617501253290701291,갤럭시·아이폰 신모델 혜택 소식을 빠르게 확인하는 방법은? KT플라자 매
KT플라자 동교동 홍대애드샵플러스점,ac7696effead,2026-09-01T03:01:38.308Z,성공,,accounts/108642176633190765581/locations/5299556273059948432/localPosts/7481561626070575086,갤럭시·아이폰 신모델 혜택 소식을 빠르게 확인하는 방법은? KT플라자 매
KT플라자 동대신점,ac7696effead,2026-09-01T03:01:41.894Z,성공,,accounts/108642176633190765581/locations/9682821083399635646/localPosts/5022213689292994275,갤럭시·아이폰 신모델 혜택 소식을 빠르게 확인하는 방법은? KT플라자 매
KT플라자 동문동 서산동문점,ac7696effead,2026-09-01T03:01:45.170Z,성공,,accounts/108642176633190765581/locations/4819572500081978963/localPosts/5623345282439909338,갤럭시·아이폰 신모델 혜택 소식을 빠르게 확인하는 방법은? KT플라자 매
KT플라자 동문동 서산중앙점,ac7696effead,2026-09-01T03:01:48.139Z,성공,,accounts/108642176633190765581/locations/6009580563590914748/localPosts/650119299867510193,갤럭시·아이폰 신모델 혜택 소식을 빠르게 확인하는 방법은? KT플라자 매
KT플라자 동부동 경주중앙점,ac7696effead,2026-09-01T03:01:51.458Z,성공,,accounts/108642176633190765581/locations/15286594190879887634/localPosts/2764274245473476443,갤럭시·아이폰 신모델 혜택 소식을 빠르게 확인하는 방법은? KT플라자 매
KT플라자 동성로 동성로점,ac7696effead,2026-09-01T03:01:54.892Z,성공,,accounts/108642176633190765581/locations/407105796127172584/localPosts/7359644872808087927,갤럭시·아이폰 신모델 혜택 소식을 빠르게 확인하는 방법은? KT플라자 매
KT플라자 동소문동 성신여대점,ac7696effead,2026-09-01T03:01:58.278Z,성공,,accounts/108642176633190765581/locations/16184072425288371709/localPosts/5194942659820117909,갤럭시·아이폰 신모델 혜택 소식을 빠르게 확인하는 방법은? KT플라자 매
KT플라자 동소문동 한성대점,ac7696effead,2026-09-01T03:02:01.349Z,성공,,accounts/108642176633190765581/locations/13859347615062201880/localPosts/540817762345008899,갤럭시·아이폰 신모델 혜택 소식을 빠르게 확인하는 방법은? KT플라자 매
KT플라자 동천동 동천점,ac7696effead,2026-09-01T03:02:04.626Z,성공,,accounts/108642176633190765581/locations/14669636094761517424/localPosts/4232292845599671485,갤럭시·아이폰 신모델 혜택 소식을 빠르게 확인하는 방법은? KT플라자 매
KT플라자 동탄역점,ac7696effead,2026-09-01T03:02:07.841Z,성공,,accounts/108642176633190765581/locations/7072098442671577078/localPosts/5466712167729978490,갤럭시·아이폰 신모델 혜택 소식을 빠르게 확인하는 방법은? KT플라자 매
KT플라자 둔산타임월드점,ac7696effead,2026-09-01T03:02:11.077Z,성공,,accounts/108642176633190765581/locations/599631632244481489/localPosts/7554051725345355618,갤럭시·아이폰 신모델 혜택 소식을 빠르게 확인하는 방법은? KT플라자 매
KT플라자 둔촌동 둔촌역점,ac7696effead,2026-09-01T03:02:14.764Z,성공,,accounts/108642176633190765581/locations/8037141808264715895/localPosts/7788189046934766711,갤럭시·아이폰 신모델 혜택 소식을 빠르게 확인하는 방법은? KT플라자 매
KT플라자 등촌동 가양역점,ac7696effead,2026-09-01T03:02:17.374Z,성공,,accounts/108642176633190765581/locations/6786282413328927612/localPosts/8209281809109649061,갤럭시·아이폰 신모델 혜택 소식을 빠르게 확인하는 방법은? KT플라자 매
KT플라자 마곡나루역점,ac7696effead,2026-09-01T03:02:20.507Z,성공,,accounts/108642176633190765581/locations/9655651335491146246/localPosts/418069387555113148,갤럭시·아이폰 신모델 혜택 소식을 빠르게 확인하는 방법은? KT플라자 매
KT플라자 마두동 마두역점,ac7696effead,2026-09-01T03:02:23.571Z,성공,,accounts/108642176633190765581/locations/10431269720934846814/localPosts/2392298434137190781,갤럭시·아이폰 신모델 혜택 소식을 빠르게 확인하는 방법은? KT플라자 매
KT플라자 망포동 신영통점,ac7696effead,2026-09-01T03:02:26.744Z,성공,,accounts/108642176633190765581/locations/7570670468921791675/localPosts/6586405205000472937,갤럭시·아이폰 신모델 혜택 소식을 빠르게 확인하는 방법은? KT플라자 매
KT플라자 매탄동 수원영통구청점,ac7696effead,2026-09-01T03:02:29.334Z,성공,,accounts/108642176633190765581/locations/1833631088821396333/localPosts/5599217467133934816,갤럭시·아이폰 신모델 혜택 소식을 빠르게 확인하는 방법은? KT플라자 매
KT플라자 면목동 면목역점,ac7696effead,2026-09-01T03:02:32.376Z,성공,,accounts/108642176633190765581/locations/17852713429777343948/localPosts/5156315826224501636,갤럭시·아이폰 신모델 혜택 소식을 빠르게 확인하는 방법은? KT플라자 매
KT플라자 명륜동 목포역점,ac7696effead,2026-09-01T03:02:35.469Z,성공,,accounts/108642176633190765581/locations/9603932406788873789/localPosts/4597947927170642128,갤럭시·아이폰 신모델 혜택 소식을 빠르게 확인하는 방법은? KT플라자 매
KT플라자 명일동 명일역점,ac7696effead,2026-09-01T03:02:39.035Z,성공,,accounts/108642176633190765581/locations/8467437978996513555/localPosts/7407774407974578424,갤럭시·아이폰 신모델 혜택 소식을 빠르게 확인하는 방법은? KT플라자 매
KT플라자 명지동 명지국제신도시점,ac7696effead,2026-09-01T03:02:42.173Z,성공,,accounts/108642176633190765581/locations/935989135275234272/localPosts/3004762480926916090,갤럭시·아이폰 신모델 혜택 소식을 빠르게 확인하는 방법은? KT플라자 매
KT플라자 모란점,ac7696effead,2026-09-01T03:02:45.433Z,성공,,accounts/108642176633190765581/locations/3638994797858872875/localPosts/2105019883724149351,갤럭시·아이폰 신모델 혜택 소식을 빠르게 확인하는 방법은? KT플라자 매
KT플라자 목동 먹골역점,ac7696effead,2026-09-01T03:02:48.966Z,성공,,accounts/108642176633190765581/locations/15443950212207929995/localPosts/2476965462875453108,갤럭시·아이폰 신모델 혜택 소식을 빠르게 확인하는 방법은? KT플라자 매
KT플라자 목동 오목교점,ac7696effead,2026-09-01T03:02:52.297Z,성공,,accounts/108642176633190765581/locations/7349764839352499971/localPosts/7797882844542820631,갤럭시·아이폰 신모델 혜택 소식을 빠르게 확인하는 방법은? KT플라자 매
KT플라자 무실동 원주무실점,ac7696effead,2026-09-01T03:02:55.607Z,성공,,accounts/108642176633190765581/locations/15424095119148282315/localPosts/6706018012895259737,갤럭시·아이폰 신모델 혜택 소식을 빠르게 확인하는 방법은? KT플라자 매
KT플라자 문산읍 문산점,ac7696effead,2026-09-01T03:02:58.797Z,성공,,accounts/108642176633190765581/locations/17155177308939857468/localPosts/7009222570164008810,갤럭시·아이폰 신모델 혜택 소식을 빠르게 확인하는 방법은? KT플라자 매
KT플라자 문화동 문화점,ac7696effead,2026-09-01T03:03:02.380Z,성공,,accounts/108642176633190765581/locations/6581412117000365474/localPosts/6910112537596183700,갤럭시·아이폰 신모델 혜택 소식을 빠르게 확인하는 방법은? KT플라자 매
KT플라자 미사역점,ac7696effead,2026-09-01T03:03:05.580Z,성공,,accounts/108642176633190765581/locations/8629978019496634804/localPosts/3463523967818750492,갤럭시·아이폰 신모델 혜택 소식을 빠르게 확인하는 방법은? KT플라자 매
KT플라자 미아동 삼양로점,ac7696effead,2026-09-01T03:03:09.352Z,성공,,accounts/108642176633190765581/locations/1089513380643988386/localPosts/7435555996880191851,갤럭시·아이폰 신모델 혜택 소식을 빠르게 확인하는 방법은? KT플라자 매
KT플라자 반림동 반림점,ac7696effead,2026-09-01T03:03:12.521Z,성공,,accounts/108642176633190765581/locations/13717583353364812282/localPosts/6406920010296948124,갤럭시·아이폰 신모델 혜택 소식을 빠르게 확인하는 방법은? KT플라자 매
KT플라자 반송동 동탄나루마을점,ac7696effead,2026-09-01T03:03:15.897Z,성공,,accounts/108642176633190765581/locations/10441086142231643562/localPosts/4482804811833416034,갤럭시·아이폰 신모델 혜택 소식을 빠르게 확인하는 방법은? KT플라자 매
KT플라자 반송동 동탄센트럴파크점,ac7696effead,2026-09-01T03:03:19.074Z,성공,,accounts/108642176633190765581/locations/1252488692989377132/localPosts/4347568607726087016,갤럭시·아이폰 신모델 혜택 소식을 빠르게 확인하는 방법은? KT플라자 매
KT플라자 방배동 사당점,ac7696effead,2026-09-01T03:03:21.733Z,성공,,accounts/108642176633190765581/locations/1722308835041395240/localPosts/553826088954699777,갤럭시·아이폰 신모델 혜택 소식을 빠르게 확인하는 방법은? KT플라자 매
KT플라자 번동 수유점,ac7696effead,2026-09-01T03:03:24.770Z,성공,,accounts/108642176633190765581/locations/11251075240553945491/localPosts/5136864224922366230,갤럭시·아이폰 신모델 혜택 소식을 빠르게 확인하는 방법은? KT플라자 매
KT플라자 범서읍 구영로점,ac7696effead,2026-09-01T03:03:27.838Z,성공,,accounts/108642176633190765581/locations/10312771838028686298/localPosts/5693835033113432433,갤럭시·아이폰 신모델 혜택 소식을 빠르게 확인하는 방법은? KT플라자 매
KT플라자 보정동 보정점,ac7696effead,2026-09-01T03:03:31.379Z,성공,,accounts/108642176633190765581/locations/8043135407738246082/localPosts/9084004946256327995,갤럭시·아이폰 신모델 혜택 소식을 빠르게 확인하는 방법은? KT플라자 매
KT플라자 본오동 상록수역점,ac7696effead,2026-09-01T03:03:34.519Z,성공,,accounts/108642176633190765581/locations/1755584130380434503/localPosts/234389551025043598,갤럭시·아이폰 신모델 혜택 소식을 빠르게 확인하는 방법은? KT플라자 매
KT플라자 본오점,ac7696effead,2026-09-01T03:03:37.632Z,성공,,accounts/108642176633190765581/locations/17831981653758653201/localPosts/4072670565337331500,갤럭시·아이폰 신모델 혜택 소식을 빠르게 확인하는 방법은? KT플라자 매
KT플라자 봉명동 유성점,ac7696effead,2026-09-01T03:03:40.815Z,성공,,accounts/108642176633190765581/locations/13808974667792582961/localPosts/1510143113715238783,갤럭시·아이폰 신모델 혜택 소식을 빠르게 확인하는 방법은? KT플라자 매
KT플라자 봉선동 봉선중앙점,ac7696effead,2026-09-01T03:03:44.259Z,성공,,accounts/108642176633190765581/locations/380934041250764569/localPosts/587906130264218746,갤럭시·아이폰 신모델 혜택 소식을 빠르게 확인하는 방법은? KT플라자 매
KT플라자 봉천동 서울대점,ac7696effead,2026-09-01T03:03:47.343Z,성공,,accounts/108642176633190765581/locations/9408372089865062560/localPosts/2641437666360532182,갤럭시·아이폰 신모델 혜택 소식을 빠르게 확인하는 방법은? KT플라자 매
KT플라자 부곡동 장유점,ac7696effead,2026-09-01T03:03:50.812Z,성공,,accounts/108642176633190765581/locations/9249560149593229138/localPosts/8123453607652878123,갤럭시·아이폰 신모델 혜택 소식을 빠르게 확인하는 방법은? KT플라자 매
KT플라자 부천상동점,ac7696effead,2026-09-01T03:03:54.394Z,성공,,accounts/108642176633190765581/locations/11133208004507971013/localPosts/7476691606762796663,갤럭시·아이폰 신모델 혜택 소식을 빠르게 확인하는 방법은? KT플라자 매
KT플라자 부평동 부평문화거리점,ac7696effead,2026-09-01T03:03:57.979Z,성공,,accounts/108642176633190765581/locations/5008630950324549017/localPosts/3128063589747157987,갤럭시·아이폰 신모델 혜택 소식을 빠르게 확인하는 방법은? KT플라자 매
KT플라자 북문로 청주중앙점,ac7696effead,2026-09-01T03:04:00.959Z,성공,,accounts/108642176633190765581/locations/4514958895143510462/localPosts/282876716403543663,갤럭시·아이폰 신모델 혜택 소식을 빠르게 확인하는 방법은? KT플라자 매
KT플라자 불광동 연신내역점,ac7696effead,2026-09-01T03:04:04.351Z,성공,,accounts/108642176633190765581/locations/5109332904742190288/localPosts/2238524395247328684,갤럭시·아이폰 신모델 혜택 소식을 빠르게 확인하는 방법은? KT플라자 매
KT플라자 불당동 불당점,ac7696effead,2026-09-01T03:04:07.865Z,성공,,accounts/108642176633190765581/locations/8503297213304322586/localPosts/4270964566830378121,갤럭시·아이폰 신모델 혜택 소식을 빠르게 확인하는 방법은? KT플라자 매
KT플라자 비산동 범계점,ac7696effead,2026-09-01T03:04:11.185Z,성공,,accounts/108642176633190765581/locations/10660721299360949480/localPosts/2235920238876067839,갤럭시·아이폰 신모델 혜택 소식을 빠르게 확인하는 방법은? KT플라자 매
KT플라자 사우동 사우점,ac7696effead,2026-09-01T03:04:15.793Z,성공,,accounts/108642176633190765581/locations/3267908099504292982/localPosts/26743291993633384,갤럭시·아이폰 신모델 혜택 소식을 빠르게 확인하는 방법은? KT플라자 매
KT플라자 사창동 중문점,ac7696effead,2026-09-01T03:04:19.684Z,성공,,accounts/108642176633190765581/locations/3118626389991536858/localPosts/7992443953325841365,갤럭시·아이폰 신모델 혜택 소식을 빠르게 확인하는 방법은? KT플라자 매
KT플라자 산본점,ac7696effead,2026-09-01T03:04:22.748Z,성공,,accounts/108642176633190765581/locations/5135878762116936367/localPosts/5127371774054601348,갤럭시·아이폰 신모델 혜택 소식을 빠르게 확인하는 방법은? KT플라자 매
KT플라자 산척동 동탄호수공원점,ac7696effead,2026-09-01T03:04:26.442Z,성공,,accounts/108642176633190765581/locations/1761514591632839499/localPosts/4646849833211795257,갤럭시·아이폰 신모델 혜택 소식을 빠르게 확인하는 방법은? KT플라자 매
KT플라자 삼계동 김해삼계점,ac7696effead,2026-09-01T03:04:29.540Z,성공,,accounts/108642176633190765581/locations/9887671938719538641/localPosts/3006388368968562829,갤럭시·아이폰 신모델 혜택 소식을 빠르게 확인하는 방법은? KT플라자 매
KT플라자 삼산동 삼산점,ac7696effead,2026-09-01T03:04:32.997Z,성공,,accounts/108642176633190765581/locations/11097515837463727626/localPosts/1274921097136676004,갤럭시·아이폰 신모델 혜택 소식을 빠르게 확인하는 방법은? KT플라자 매
KT플라자 삼전동 삼전점,ac7696effead,2026-09-01T03:04:36.471Z,성공,,accounts/108642176633190765581/locations/16341599821348253783/localPosts/4852385932333413742,갤럭시·아이폰 신모델 혜택 소식을 빠르게 확인하는 방법은? KT플라자 매
KT플라자 삼향읍 남악점,ac7696effead,2026-09-01T03:04:40.614Z,성공,,accounts/108642176633190765581/locations/2505501511669761668/localPosts/3361491748899187687,갤럭시·아이폰 신모델 혜택 소식을 빠르게 확인하는 방법은? KT플라자 매
KT플라자 상남동 상남사거리점,ac7696effead,2026-09-01T03:04:44.309Z,성공,,accounts/108642176633190765581/locations/233975689113170455/localPosts/988085824398007298,갤럭시·아이폰 신모델 혜택 소식을 빠르게 확인하는 방법은? KT플라자 매
KT플라자 상동 목포상동점,ac7696effead,2026-09-01T03:04:47.295Z,성공,,accounts/108642176633190765581/locations/661648759987771906/localPosts/127400645826472215,갤럭시·아이폰 신모델 혜택 소식을 빠르게 확인하는 방법은? KT플라자 매
KT플라자 상봉역점,ac7696effead,2026-09-01T03:04:50.712Z,성공,,accounts/108642176633190765581/locations/15055495101851206979/localPosts/6443327297096390479,갤럭시·아이폰 신모델 혜택 소식을 빠르게 확인하는 방법은? KT플라자 매
KT플라자 상암동 상암애드샵점,ac7696effead,2026-09-01T03:04:54.135Z,성공,,accounts/108642176633190765581/locations/10903105633363940732/localPosts/5262625056599922262,갤럭시·아이폰 신모델 혜택 소식을 빠르게 확인하는 방법은? KT플라자 매
KT플라자 상인동 상인롯데점,ac7696effead,2026-09-01T03:04:57.266Z,성공,,accounts/108642176633190765581/locations/7818663025726319218/localPosts/5553734102311066403,갤럭시·아이폰 신모델 혜택 소식을 빠르게 확인하는 방법은? KT플라자 매
KT플라자 상현동 상현점,ac7696effead,2026-09-01T03:05:00.235Z,성공,,accounts/108642176633190765581/locations/8378325226351713083/localPosts/1417044323953895941,갤럭시·아이폰 신모델 혜택 소식을 빠르게 확인하는 방법은? KT플라자 매
KT플라자 서귀동 서귀시청점,ac7696effead,2026-09-01T03:05:03.410Z,성공,,accounts/108642176633190765581/locations/10252844069355401345/localPosts/1199840217805664694,갤럭시·아이폰 신모델 혜택 소식을 빠르게 확인하는 방법은? KT플라자 매
KT플라자 서초동 강남대로점,ac7696effead,2026-09-01T03:05:06.509Z,성공,,accounts/108642176633190765581/locations/3665296750084159382/localPosts/4133342358781848587,갤럭시·아이폰 신모델 혜택 소식을 빠르게 확인하는 방법은? KT플라자 매
KT플라자 서현동 서현역점,ac7696effead,2026-09-01T03:05:09.541Z,성공,,accounts/108642176633190765581/locations/4563973866082906827/localPosts/4042731171615607774,갤럭시·아이폰 신모델 혜택 소식을 빠르게 확인하는 방법은? KT플라자 매
KT플라자 석남동 석남역점,ac7696effead,2026-09-01T03:05:12.321Z,성공,,accounts/108642176633190765581/locations/3038865465092916078/localPosts/5972633375984193119,갤럭시·아이폰 신모델 혜택 소식을 빠르게 확인하는 방법은? KT플라자 매
KT플라자 석사점,ac7696effead,2026-09-01T03:05:15.492Z,성공,,accounts/108642176633190765581/locations/7884728435119578091/localPosts/7953210901962025094,갤럭시·아이폰 신모델 혜택 소식을 빠르게 확인하는 방법은? KT플라자 매
KT플라자 선암동 선운점,ac7696effead,2026-09-01T03:05:19.712Z,성공,,accounts/108642176633190765581/locations/8235652926572467033/localPosts/5939397566870671458,갤럭시·아이폰 신모델 혜택 소식을 빠르게 확인하는 방법은? KT플라자 매
KT플라자 성남동 울산성남아케이드점,ac7696effead,2026-09-01T03:05:23.175Z,성공,,accounts/108642176633190765581/locations/7709668885778918732/localPosts/1225553615865751764,갤럭시·아이폰 신모델 혜택 소식을 빠르게 확인하는 방법은? KT플라자 매
KT플라자 성내동 길동사거리점,ac7696effead,2026-09-01T03:05:26.152Z,성공,,accounts/108642176633190765581/locations/10614341108023014255/localPosts/4227481193403511496,갤럭시·아이폰 신모델 혜택 소식을 빠르게 확인하는 방법은? KT플라자 매
KT플라자 성복동 성복역점,ac7696effead,2026-09-01T03:05:29.570Z,성공,,accounts/108642176633190765581/locations/4189274631875957691/localPosts/5951631771650153343,갤럭시·아이폰 신모델 혜택 소식을 빠르게 확인하는 방법은? KT플라자 매
KT플라자 세종로 광화문온맞이점,ac7696effead,2026-09-01T03:05:32.593Z,성공,,accounts/108642176633190765581/locations/1810789053593508103/localPosts/2080815127681721981,갤럭시·아이폰 신모델 혜택 소식을 빠르게 확인하는 방법은? KT플라자 매
KT플라자 송내동 송내역점,ac7696effead,2026-09-01T03:05:35.711Z,성공,,accounts/108642176633190765581/locations/12802842362242572214/localPosts/8849764721691942530,갤럭시·아이폰 신모델 혜택 소식을 빠르게 확인하는 방법은? KT플라자 매
KT플라자 송도점,ac7696effead,2026-09-01T03:05:39.150Z,성공,,accounts/108642176633190765581/locations/11859735585039436097/localPosts/6132159875930776066,갤럭시·아이폰 신모델 혜택 소식을 빠르게 확인하는 방법은? KT플라자 매
KT플라자 송촌점,ac7696effead,2026-09-01T03:05:43.037Z,성공,,accounts/108642176633190765581/locations/6782839391735762122/localPosts/3239203326602346113,갤럭시·아이폰 신모델 혜택 소식을 빠르게 확인하는 방법은? KT플라자 매
KT플라자 수내동 수내역점,ac7696effead,2026-09-01T03:05:46.559Z,성공,,accounts/108642176633190765581/locations/4802583428044820416/localPosts/3214504034532584457,갤럭시·아이폰 신모델 혜택 소식을 빠르게 확인하는 방법은? KT플라자 매
KT플라자 수내동 수내푸른마을점,ac7696effead,2026-09-01T03:05:50.000Z,성공,,accounts/108642176633190765581/locations/2986811220708115073/localPosts/8687657122256195911,갤럭시·아이폰 신모델 혜택 소식을 빠르게 확인하는 방법은? KT플라자 매
KT플라자 수성동 대구은행역점,ac7696effead,2026-09-01T03:05:53.342Z,성공,,accounts/108642176633190765581/locations/10266914556156697120/localPosts/2722972197667203773,갤럭시·아이폰 신모델 혜택 소식을 빠르게 확인하는 방법은? KT플라자 매
KT플라자 수송동 수송점,ac7696effead,2026-09-01T03:05:56.037Z,성공,,accounts/108642176633190765581/locations/3741666394060806865/localPosts/8015981718490617117,갤럭시·아이폰 신모델 혜택 소식을 빠르게 확인하는 방법은? KT플라자 매
KT플라자 수완동 광산점,ac7696effead,2026-09-01T03:05:59.180Z,성공,,accounts/108642176633190765581/locations/8332671982810903851/localPosts/805163104022961937,갤럭시·아이폰 신모델 혜택 소식을 빠르게 확인하는 방법은? KT플라자 매
KT플라자 수지구청점,ac7696effead,2026-09-01T03:06:02.600Z,성공,,accounts/108642176633190765581/locations/14325198722968556626/localPosts/4931532014756443618,갤럭시·아이폰 신모델 혜택 소식을 빠르게 확인하는 방법은? KT플라자 매
KT플라자 신관동 공주대점,ac7696effead,2026-09-01T03:06:05.586Z,성공,,accounts/108642176633190765581/locations/16104443881810767073/localPosts/3215790620028399710,갤럭시·아이폰 신모델 혜택 소식을 빠르게 확인하는 방법은? KT플라자 매
KT플라자 신길뉴타운점,ac7696effead,2026-09-01T03:06:08.913Z,성공,,accounts/108642176633190765581/locations/16699752096716770929/localPosts/7545293698414727636,갤럭시·아이폰 신모델 혜택 소식을 빠르게 확인하는 방법은? KT플라자 매
KT플라자 신길동 신길점,ac7696effead,2026-09-01T03:06:11.813Z,성공,,accounts/108642176633190765581/locations/11344257564543177137/localPosts/7385721580227813507,갤럭시·아이폰 신모델 혜택 소식을 빠르게 확인하는 방법은? KT플라자 매
KT플라자 신논현점,ac7696effead,2026-09-01T03:06:14.739Z,성공,,accounts/108642176633190765581/locations/18440196106822265081/localPosts/2067037540806347422,갤럭시·아이폰 신모델 혜택 소식을 빠르게 확인하는 방법은? KT플라자 매
KT플라자 신당동 성서계명대점,ac7696effead,2026-09-01T03:06:18.048Z,성공,,accounts/108642176633190765581/locations/18281078184987383399/localPosts/7420979528600242054,갤럭시·아이폰 신모델 혜택 소식을 빠르게 확인하는 방법은? KT플라자 매
KT플라자 신당동 신당점,ac7696effead,2026-09-01T03:06:21.248Z,성공,,accounts/108642176633190765581/locations/1794089602294645941/localPosts/7938389858262391663,갤럭시·아이폰 신모델 혜택 소식을 빠르게 확인하는 방법은? KT플라자 매
KT플라자 신대리 신대점,ac7696effead,2026-09-01T03:06:24.511Z,성공,,accounts/108642176633190765581/locations/4747179711034388527/localPosts/354965442049871853,갤럭시·아이폰 신모델 혜택 소식을 빠르게 확인하는 방법은? KT플라자 매
KT플라자 신림점,ac7696effead,2026-09-01T03:06:27.674Z,성공,,accounts/108642176633190765581/locations/8890939540388698802/localPosts/8870406464528674983,갤럭시·아이폰 신모델 혜택 소식을 빠르게 확인하는 방법은? KT플라자 매
KT플라자 신매동 시지점,ac7696effead,2026-09-01T03:06:31.780Z,성공,,accounts/108642176633190765581/locations/8641310655559691174/localPosts/4293786032027182358,갤럭시·아이폰 신모델 혜택 소식을 빠르게 확인하는 방법은? KT플라자 매
KT플라자 신부동 만남로점,ac7696effead,2026-09-01T03:06:35.072Z,성공,,accounts/108642176633190765581/locations/3390709140278828307/localPosts/3270502098470399569,갤럭시·아이폰 신모델 혜택 소식을 빠르게 확인하는 방법은? KT플라자 매
KT플라자 신사동 신사역점,ac7696effead,2026-09-01T03:06:39.256Z,성공,,accounts/108642176633190765581/locations/16055758216551097902/localPosts/1550447620068140035,갤럭시·아이폰 신모델 혜택 소식을 빠르게 확인하는 방법은? KT플라자 매
KT플라자 신암동 동구청점,ac7696effead,2026-09-01T03:06:42.635Z,성공,,accounts/108642176633190765581/locations/8406588292354341225/localPosts/8554910181298694848,갤럭시·아이폰 신모델 혜택 소식을 빠르게 확인하는 방법은? KT플라자 매
KT플라자 신장동 하남신장점,ac7696effead,2026-09-01T03:06:46.238Z,성공,,accounts/108642176633190765581/locations/12702388446513576664/localPosts/3944022242656874859,갤럭시·아이폰 신모델 혜택 소식을 빠르게 확인하는 방법은? KT플라자 매
KT플라자 신정네거리역점,ac7696effead,2026-09-01T03:06:49.397Z,성공,,accounts/108642176633190765581/locations/15281591921356247303/localPosts/5831110535697501637,갤럭시·아이폰 신모델 혜택 소식을 빠르게 확인하는 방법은? KT플라자 매
KT플라자 신정동 목동역점,ac7696effead,2026-09-01T03:06:52.857Z,성공,,accounts/108642176633190765581/locations/15038764203885830988/localPosts/7633934914528010417,갤럭시·아이폰 신모델 혜택 소식을 빠르게 확인하는 방법은? KT플라자 매
KT플라자 신촌역점,ac7696effead,2026-09-01T03:06:55.597Z,성공,,accounts/108642176633190765581/locations/10553576645061811154/localPosts/5275066785173437777,갤럭시·아이폰 신모델 혜택 소식을 빠르게 확인하는 방법은? KT플라자 매
KT플라자 아름동 세종중앙점,ac7696effead,2026-09-01T03:06:58.533Z,성공,,accounts/108642176633190765581/locations/8750969626776133062/localPosts/1565191871209490165,갤럭시·아이폰 신모델 혜택 소식을 빠르게 확인하는 방법은? KT플라자 매
KT플라자 안동옥동점,ac7696effead,2026-09-01T03:07:02.297Z,성공,,accounts/108642176633190765581/locations/8730222295573490781/localPosts/3764904552651972075,갤럭시·아이폰 신모델 혜택 소식을 빠르게 확인하는 방법은? KT플라자 매
KT플라자 안산선부점,ac7696effead,2026-09-01T03:07:05.981Z,성공,,accounts/108642176633190765581/locations/300651213919570901/localPosts/7240104547114761399,갤럭시·아이폰 신모델 혜택 소식을 빠르게 확인하는 방법은? KT플라자 매
KT플라자 안성중앙점,ac7696effead,2026-09-01T03:07:08.691Z,성공,,accounts/108642176633190765581/locations/3704887858570807368/localPosts/1264832539940475955,갤럭시·아이폰 신모델 혜택 소식을 빠르게 확인하는 방법은? KT플라자 매
KT플라자 안양동 안양일번가점,ac7696effead,2026-09-01T03:07:11.871Z,성공,,accounts/108642176633190765581/locations/1040831529454804526/localPosts/7077541542522200599,갤럭시·아이폰 신모델 혜택 소식을 빠르게 확인하는 방법은? KT플라자 매
KT플라자 양산동 광주양산점,ac7696effead,2026-09-01T03:07:14.760Z,성공,,accounts/108642176633190765581/locations/9718710816260831050/localPosts/1831015674976007388,갤럭시·아이폰 신모델 혜택 소식을 빠르게 확인하는 방법은? KT플라자 매
KT플라자 양산이마트점,ac7696effead,2026-09-01T03:07:18.581Z,성공,,accounts/108642176633190765581/locations/11428304028647370496/localPosts/1212702827633303928,갤럭시·아이폰 신모델 혜택 소식을 빠르게 확인하는 방법은? KT플라자 매
KT플라자 양재동 양재시민의숲점,ac7696effead,2026-09-01T03:07:22.267Z,성공,,accounts/108642176633190765581/locations/296193895315054058/localPosts/3962135719379198256,갤럭시·아이폰 신모델 혜택 소식을 빠르게 확인하는 방법은? KT플라자 매
KT플라자 여의도동 여의도역점,ac7696effead,2026-09-01T03:07:25.701Z,성공,,accounts/108642176633190765581/locations/9870932454550941728/localPosts/6172976228494031620,갤럭시·아이폰 신모델 혜택 소식을 빠르게 확인하는 방법은? KT플라자 매
KT플라자 역삼동 선릉사거리점,ac7696effead,2026-09-01T03:07:29.156Z,성공,,accounts/108642176633190765581/locations/8226766717197457989/localPosts/1047272269142328256,갤럭시·아이폰 신모델 혜택 소식을 빠르게 확인하는 방법은? KT플라자 매
KT플라자 연수청학점,ac7696effead,2026-09-01T03:07:32.144Z,성공,,accounts/108642176633190765581/locations/438761619316423484/localPosts/859993518811105138,갤럭시·아이폰 신모델 혜택 소식을 빠르게 확인하는 방법은? KT플라자 매
KT플라자 연향동 순천연향점,ac7696effead,2026-09-01T03:07:35.375Z,성공,,accounts/108642176633190765581/locations/15256108307085886098/localPosts/9167427519101803576,갤럭시·아이폰 신모델 혜택 소식을 빠르게 확인하는 방법은? KT플라자 매
KT플라자 영등동 영등점,ac7696effead,2026-09-01T03:07:39.369Z,성공,,accounts/108642176633190765581/locations/14775089244822418098/localPosts/587001813264145378,갤럭시·아이폰 신모델 혜택 소식을 빠르게 확인하는 방법은? KT플라자 매
KT플라자 영통동 영통역점,ac7696effead,2026-09-01T03:07:42.886Z,성공,,accounts/108642176633190765581/locations/13516507711200393766/localPosts/7508591367236497849,갤럭시·아이폰 신모델 혜택 소식을 빠르게 확인하는 방법은? KT플라자 매
KT플라자 오산동 오산중앙점,ac7696effead,2026-09-01T03:07:45.717Z,성공,,accounts/108642176633190765581/locations/16196504821435095129/localPosts/3796819812913154172,갤럭시·아이폰 신모델 혜택 소식을 빠르게 확인하는 방법은? KT플라자 매
KT플라자 오천읍 오천문덕점,ac7696effead,2026-09-01T03:07:48.428Z,성공,,accounts/108642176633190765581/locations/618462519110469287/localPosts/3142493675886474578,갤럭시·아이폰 신모델 혜택 소식을 빠르게 확인하는 방법은? KT플라자 매
KT플라자 옥계동 구미옥계점,ac7696effead,2026-09-01T03:07:51.674Z,성공,,accounts/108642176633190765581/locations/15375625964454396039/localPosts/3300477797036757919,갤럭시·아이폰 신모델 혜택 소식을 빠르게 확인하는 방법은? KT플라자 매
KT플라자 옥길동 퀸즈파크옥길점,ac7696effead,2026-09-01T03:07:54.828Z,성공,,accounts/108642176633190765581/locations/10680970707419721997/localPosts/303337986546281984,갤럭시·아이폰 신모델 혜택 소식을 빠르게 확인하는 방법은? KT플라자 매
KT플라자 옥동 안동점,ac7696effead,2026-09-01T03:07:57.787Z,성공,,accounts/108642176633190765581/locations/13804177221884165586/localPosts/178599480396952757,갤럭시·아이폰 신모델 혜택 소식을 빠르게 확인하는 방법은? KT플라자 매
KT플라자 옥련동 옥련점,ac7696effead,2026-09-01T03:08:01.352Z,성공,,accounts/108642176633190765581/locations/12457115937793431800/localPosts/267724837632634009,갤럭시·아이폰 신모델 혜택 소식을 빠르게 확인하는 방법은? KT플라자 매
KT플라자 온의동 온의점,ac7696effead,2026-09-01T03:08:05.264Z,성공,,accounts/108642176633190765581/locations/6540768868554798149/localPosts/2662183223655367452,갤럭시·아이폰 신모델 혜택 소식을 빠르게 확인하는 방법은? KT플라자 매
KT플라자 온천동 온양온천점,ac7696effead,2026-09-01T03:08:08.448Z,성공,,accounts/108642176633190765581/locations/7929296102600253249/localPosts/9197681784371347359,갤럭시·아이폰 신모델 혜택 소식을 빠르게 확인하는 방법은? KT플라자 매
KT플라자 외동 김해외동점,ac7696effead,2026-09-01T03:08:12.338Z,성공,,accounts/108642176633190765581/locations/18070371153448289434/localPosts/7269276899255205867,갤럭시·아이폰 신모델 혜택 소식을 빠르게 확인하는 방법은? KT플라자 매
KT플라자 용해동 용해점,ac7696effead,2026-09-01T03:08:15.417Z,성공,,accounts/108642176633190765581/locations/9805327075256712560/localPosts/8070710616214288571,갤럭시·아이폰 신모델 혜택 소식을 빠르게 확인하는 방법은? KT플라자 매
KT플라자 용현동 용현점,ac7696effead,2026-09-01T03:08:18.909Z,성공,,accounts/108642176633190765581/locations/8364272864677512293/localPosts/2822909903184216990,갤럭시·아이폰 신모델 혜택 소식을 빠르게 확인하는 방법은? KT플라자 매
KT플라자 우동 해운대역점,ac7696effead,2026-09-01T03:08:22.374Z,성공,,accounts/108642176633190765581/locations/16464657263562312933/localPosts/222572365726118869,갤럭시·아이폰 신모델 혜택 소식을 빠르게 확인하는 방법은? KT플라자 매
KT플라자 운양동 운양점,ac7696effead,2026-09-01T03:08:25.917Z,성공,,accounts/108642176633190765581/locations/1424757506742019768/localPosts/4085181646465972566,갤럭시·아이폰 신모델 혜택 소식을 빠르게 확인하는 방법은? KT플라자 매
KT플라자 운흥동 안동홈플러스점,ac7696effead,2026-09-01T03:08:29.221Z,성공,,accounts/108642176633190765581/locations/8314786293213493170/localPosts/5915383153814935811,갤럭시·아이폰 신모델 혜택 소식을 빠르게 확인하는 방법은? KT플라자 매
KT플라자 원곡동 안산역점,ac7696effead,2026-09-01T03:08:32.412Z,성공,,accounts/108642176633190765581/locations/12317171870774471515/localPosts/7558871894887910386,갤럭시·아이폰 신모델 혜택 소식을 빠르게 확인하는 방법은? KT플라자 매
KT플라자 원종동 원종점,ac7696effead,2026-09-01T03:08:35.869Z,성공,,accounts/108642176633190765581/locations/14454829533243775479/localPosts/506171554770362153,갤럭시·아이폰 신모델 혜택 소식을 빠르게 확인하는 방법은? KT플라자 매
KT플라자 원천동 수원매탄점,ac7696effead,2026-09-01T03:08:38.906Z,성공,,accounts/108642176633190765581/locations/2362008030381488754/localPosts/8518547318864737592,갤럭시·아이폰 신모델 혜택 소식을 빠르게 확인하는 방법은? KT플라자 매
KT플라자 원평동 구미역점,ac7696effead,2026-09-01T03:08:42.249Z,성공,,accounts/108642176633190765581/locations/359843654004903222/localPosts/6929951119982280963,갤럭시·아이폰 신모델 혜택 소식을 빠르게 확인하는 방법은? KT플라자 매
KT플라자 원흥동 원흥역점,ac7696effead,2026-09-01T03:08:46.009Z,성공,,accounts/108642176633190765581/locations/9325810004194286484/localPosts/993968152980071138,갤럭시·아이폰 신모델 혜택 소식을 빠르게 확인하는 방법은? KT플라자 매
KT플라자 월성동 신월성점,ac7696effead,2026-09-01T03:08:49.126Z,성공,,accounts/108642176633190765581/locations/5729141935585344325/localPosts/416374682653508225,갤럭시·아이폰 신모델 혜택 소식을 빠르게 확인하는 방법은? KT플라자 매
KT플라자 율곡동 김천혁신점,ac7696effead,2026-09-01T03:08:52.566Z,성공,,accounts/108642176633190765581/locations/169748189135455055/localPosts/226906464097582192,갤럭시·아이폰 신모델 혜택 소식을 빠르게 확인하는 방법은? KT플라자 매
KT플라자 율하동 율하점,ac7696effead,2026-09-01T03:08:55.604Z,성공,,accounts/108642176633190765581/locations/2599274305348421779/localPosts/8387054795066424448,갤럭시·아이폰 신모델 혜택 소식을 빠르게 확인하는 방법은? KT플라자 매
KT플라자 은행동 은행점,ac7696effead,2026-09-01T03:08:59.034Z,성공,,accounts/108642176633190765581/locations/12573998026833518569/localPosts/1821695498862339478,갤럭시·아이폰 신모델 혜택 소식을 빠르게 확인하는 방법은? KT플라자 매
KT플라자 을지로명동본점,ac7696effead,2026-09-01T03:09:03.127Z,성공,,accounts/108642176633190765581/locations/3030412713029469151/localPosts/2864205230448734573,갤럭시·아이폰 신모델 혜택 소식을 빠르게 확인하는 방법은? KT플라자 매
KT플라자 읍내동 당진중앙점,ac7696effead,2026-09-01T03:09:06.611Z,성공,,accounts/108642176633190765581/locations/1036161084324455135/localPosts/6939418062898944692,갤럭시·아이폰 신모델 혜택 소식을 빠르게 확인하는 방법은? KT플라자 매
KT플라자 응암역점,ac7696effead,2026-09-01T03:09:09.956Z,성공,,accounts/108642176633190765581/locations/14071034172423974279/localPosts/7802302316216045647,갤럭시·아이폰 신모델 혜택 소식을 빠르게 확인하는 방법은? KT플라자 매
KT플라자 의정부동 의정부로데오점,ac7696effead,2026-09-01T03:09:13.961Z,성공,,accounts/108642176633190765581/locations/13101050925595285299/localPosts/7637667778435360344,갤럭시·아이폰 신모델 혜택 소식을 빠르게 확인하는 방법은? KT플라자 매
KT플라자 이도동 제주중앙점,ac7696effead,2026-09-01T03:09:17.310Z,성공,,accounts/108642176633190765581/locations/10710654450785617433/localPosts/6770780677771212007,갤럭시·아이폰 신모델 혜택 소식을 빠르게 확인하는 방법은? KT플라자 매
KT플라자 이문동 외대역점,ac7696effead,2026-09-01T03:09:20.817Z,성공,,accounts/108642176633190765581/locations/14343776270384022169/localPosts/8384466664573199764,갤럭시·아이폰 신모델 혜택 소식을 빠르게 확인하는 방법은? KT플라자 매
KT플라자 인계동 인계점,ac7696effead,2026-09-01T03:09:24.329Z,성공,,accounts/108642176633190765581/locations/1228610560245766302/localPosts/1721153451315513317,갤럭시·아이폰 신모델 혜택 소식을 빠르게 확인하는 방법은? KT플라자 매
KT플라자 인의동 구미인동점,ac7696effead,2026-09-01T03:09:27.399Z,성공,,accounts/108642176633190765581/locations/7980274348023100122/localPosts/1424100313845859195,갤럭시·아이폰 신모델 혜택 소식을 빠르게 확인하는 방법은? KT플라자 매
KT플라자 인창동 구리리맥스점,ac7696effead,2026-09-01T03:09:31.413Z,성공,,accounts/108642176633190765581/locations/14393268195267926718/localPosts/6334342518269267537,갤럭시·아이폰 신모델 혜택 소식을 빠르게 확인하는 방법은? KT플라자 매
KT플라자 인후동 인후점,ac7696effead,2026-09-01T03:09:34.759Z,성공,,accounts/108642176633190765581/locations/4469564943106925458/localPosts/7330949460520872856,갤럭시·아이폰 신모델 혜택 소식을 빠르게 확인하는 방법은? KT플라자 매
KT플라자 임당동 강릉임당점,ac7696effead,2026-09-01T03:09:38.627Z,성공,,accounts/108642176633190765581/locations/17948903714277567955/localPosts/4116664599699208194,갤럭시·아이폰 신모델 혜택 소식을 빠르게 확인하는 방법은? KT플라자 매
KT플라자 자양동 자양번영로점,ac7696effead,2026-09-01T03:09:42.085Z,성공,,accounts/108642176633190765581/locations/3570125163871814230/localPosts/3049328694468717991,갤럭시·아이폰 신모델 혜택 소식을 빠르게 확인하는 방법은? KT플라자 매
KT플라자 잠실동 신천역점,ac7696effead,2026-09-01T03:09:45.460Z,성공,,accounts/108642176633190765581/locations/874109905254404761/localPosts/1430971269454841089,갤럭시·아이폰 신모델 혜택 소식을 빠르게 확인하는 방법은? KT플라자 매
KT플라자 장지동 위례점,ac7696effead,2026-09-01T03:09:49.638Z,성공,,accounts/108642176633190765581/locations/2206952876530185852/localPosts/1287911424072873675,갤럭시·아이폰 신모델 혜택 소식을 빠르게 확인하는 방법은? KT플라자 매
KT플라자 장항동 일산점,ac7696effead,2026-09-01T03:09:52.443Z,성공,,accounts/108642176633190765581/locations/9449119526178330460/localPosts/2878967272149426094,갤럭시·아이폰 신모델 혜택 소식을 빠르게 확인하는 방법은? KT플라자 매
KT플라자 전포동 전포카페거리점,ac7696effead,2026-09-01T03:09:55.311Z,성공,,accounts/108642176633190765581/locations/4795381905295579712/localPosts/56691358685062046,갤럭시·아이폰 신모델 혜택 소식을 빠르게 확인하는 방법은? KT플라자 매
KT플라자 전하동 전하아이파크점,ac7696effead,2026-09-01T03:09:58.865Z,성공,,accounts/108642176633190765581/locations/11696664013097109248/localPosts/123527689810402589,갤럭시·아이폰 신모델 혜택 소식을 빠르게 확인하는 방법은? KT플라자 매
KT플라자 정관면 정관로점,ac7696effead,2026-09-01T03:10:02.072Z,성공,,accounts/108642176633190765581/locations/4174919782182987283/localPosts/1647262213499063523,갤럭시·아이폰 신모델 혜택 소식을 빠르게 확인하는 방법은? KT플라자 매
KT플라자 정릉동 정릉점,ac7696effead,2026-09-01T03:10:06.260Z,성공,,accounts/108642176633190765581/locations/15015159007431041948/localPosts/6584960906321389817,갤럭시·아이폰 신모델 혜택 소식을 빠르게 확인하는 방법은? KT플라자 매
KT플라자 정자동 정자역점,ac7696effead,2026-09-01T03:10:10.378Z,성공,,accounts/108642176633190765581/locations/1485108101238970287/localPosts/6584260545422799330,갤럭시·아이폰 신모델 혜택 소식을 빠르게 확인하는 방법은? KT플라자 매
KT플라자 조례동 조례점,ac7696effead,2026-09-01T03:10:14.709Z,성공,,accounts/108642176633190765581/locations/2682587988287716445/localPosts/527473699786770317,갤럭시·아이폰 신모델 혜택 소식을 빠르게 확인하는 방법은? KT플라자 매
KT플라자 종각점,ac7696effead,2026-09-01T03:10:18.407Z,성공,,accounts/108642176633190765581/locations/534415485613054700/localPosts/8857628790841550246,갤럭시·아이폰 신모델 혜택 소식을 빠르게 확인하는 방법은? KT플라자 매
KT플라자 좌동 해운대장산역점,ac7696effead,2026-09-01T03:10:21.378Z,성공,,accounts/108642176633190765581/locations/11680892997642968176/localPosts/5581771693781384840,갤럭시·아이폰 신모델 혜택 소식을 빠르게 확인하는 방법은? KT플라자 매
KT플라자 주안동 석바위점,ac7696effead,2026-09-01T03:10:24.994Z,성공,,accounts/108642176633190765581/locations/6782102280278858283/localPosts/3279061188372338526,갤럭시·아이폰 신모델 혜택 소식을 빠르게 확인하는 방법은? KT플라자 매
KT플라자 주월동 백운광장점,ac7696effead,2026-09-01T03:10:28.527Z,성공,,accounts/108642176633190765581/locations/17958576087656834877/localPosts/9018439241815004453,갤럭시·아이폰 신모델 혜택 소식을 빠르게 확인하는 방법은? KT플라자 매
KT플라자 중계동 상계역점,ac7696effead,2026-09-01T03:10:32.380Z,성공,,accounts/108642176633190765581/locations/16122283190336278353/localPosts/1688588797947762034,갤럭시·아이폰 신모델 혜택 소식을 빠르게 확인하는 방법은? KT플라자 매
KT플라자 중계동 중계아울렛점,ac7696effead,2026-09-01T03:10:35.804Z,성공,,accounts/108642176633190765581/locations/2073902413180689173/localPosts/341815331754372590,갤럭시·아이폰 신모델 혜택 소식을 빠르게 확인하는 방법은? KT플라자 매
KT플라자 중부동 양산남부시장점,ac7696effead,2026-09-01T03:10:39.671Z,성공,,accounts/108642176633190765581/locations/12290869090008137712/localPosts/935933258264616825,갤럭시·아이폰 신모델 혜택 소식을 빠르게 확인하는 방법은? KT플라자 매
KT플라자 중안동 진주중안점,ac7696effead,2026-09-01T03:10:43.303Z,성공,,accounts/108642176633190765581/locations/846471987939808355/localPosts/536306071528483828,갤럭시·아이폰 신모델 혜택 소식을 빠르게 확인하는 방법은? KT플라자 매
KT플라자 중앙동 과천점,ac7696effead,2026-09-01T03:10:47.066Z,성공,,accounts/108642176633190765581/locations/12578209971413070652/localPosts/2164306144758607024,갤럭시·아이폰 신모델 혜택 소식을 빠르게 확인하는 방법은? KT플라자 매
KT플라자 지산동 지산점,ac7696effead,2026-09-01T03:10:50.066Z,성공,,accounts/108642176633190765581/locations/15962511623606088271/localPosts/4313407068128908505,갤럭시·아이폰 신모델 혜택 소식을 빠르게 확인하는 방법은? KT플라자 매
KT플라자 지족동 노은점,ac7696effead,2026-09-01T03:10:54.040Z,성공,,accounts/108642176633190765581/locations/6719794570649191600/localPosts/1508834727600747861,갤럭시·아이폰 신모델 혜택 소식을 빠르게 확인하는 방법은? KT플라자 매
KT플라자 지행동 지행역점,ac7696effead,2026-09-01T03:10:57.540Z,성공,,accounts/108642176633190765581/locations/7009252136836848615/localPosts/2636893631057702557,갤럭시·아이폰 신모델 혜택 소식을 빠르게 확인하는 방법은? KT플라자 매
KT플라자 진관동 구파발점,ac7696effead,2026-09-01T03:11:01.186Z,성공,,accounts/108642176633190765581/locations/5317285937417557056/localPosts/8885429484298370582,갤럭시·아이폰 신모델 혜택 소식을 빠르게 확인하는 방법은? KT플라자 매
KT플라자 진접읍 진접점,ac7696effead,2026-09-01T03:11:04.579Z,성공,,accounts/108642176633190765581/locations/9376824440963003018/localPosts/6980352831000598045,갤럭시·아이폰 신모델 혜택 소식을 빠르게 확인하는 방법은? KT플라자 매
KT플라자 진평동 진평점,ac7696effead,2026-09-01T03:11:08.197Z,성공,,accounts/108642176633190765581/locations/12014407716662006236/localPosts/3841243100686007397,갤럭시·아이폰 신모델 혜택 소식을 빠르게 확인하는 방법은? KT플라자 매
KT플라자 창선동 광복점,ac7696effead,2026-09-01T03:11:11.662Z,성공,,accounts/108642176633190765581/locations/11927153679252357435/localPosts/5948570661666297274,갤럭시·아이폰 신모델 혜택 소식을 빠르게 확인하는 방법은? KT플라자 매
KT플라자 천곡동 동해천곡점,ac7696effead,2026-09-01T03:11:15.413Z,성공,,accounts/108642176633190765581/locations/15893883883820936602/localPosts/525504292750621314,갤럭시·아이폰 신모델 혜택 소식을 빠르게 확인하는 방법은? KT플라자 매
KT플라자 천호동 천호점,ac7696effead,2026-09-01T03:11:19.423Z,성공,,accounts/108642176633190765581/locations/3719143189620177718/localPosts/3877452866755548553,갤럭시·아이폰 신모델 혜택 소식을 빠르게 확인하는 방법은? KT플라자 매
KT플라자 철산동 철산점,ac7696effead,2026-09-01T03:11:22.959Z,성공,,accounts/108642176633190765581/locations/10301806896639057525/localPosts/2547434979707606707,갤럭시·아이폰 신모델 혜택 소식을 빠르게 확인하는 방법은? KT플라자 매
KT플라자 청당동 청수점,ac7696effead,2026-09-01T03:11:26.558Z,성공,,accounts/108642176633190765581/locations/16346399464056634091/localPosts/6079144625411651481,갤럭시·아이폰 신모델 혜택 소식을 빠르게 확인하는 방법은? KT플라자 매
KT플라자 청라동 청라커낼웨이점,ac7696effead,2026-09-01T03:11:30.569Z,성공,,accounts/108642176633190765581/locations/14905393900761144828/localPosts/6350083551439984165,갤럭시·아이폰 신모델 혜택 소식을 빠르게 확인하는 방법은? KT플라자 매
KT플라자 충무공동 진주혁신점,ac7696effead,2026-09-01T03:11:33.693Z,성공,,accounts/108642176633190765581/locations/17434943185661212637/localPosts/7047321602243943045,갤럭시·아이폰 신모델 혜택 소식을 빠르게 확인하는 방법은? KT플라자 매
KT플라자 충무동 여수충무점,ac7696effead,2026-09-01T03:11:36.886Z,성공,,accounts/108642176633190765581/locations/7757350751261421761/localPosts/3883754983369956396,갤럭시·아이폰 신모델 혜택 소식을 빠르게 확인하는 방법은? KT플라자 매
KT플라자 충인동 충주충인점,ac7696effead,2026-09-01T03:11:40.493Z,성공,,accounts/108642176633190765581/locations/4126679517337293636/localPosts/6738218981023582278,갤럭시·아이폰 신모델 혜택 소식을 빠르게 확인하는 방법은? KT플라자 매
KT플라자 치평동 상무점,ac7696effead,2026-09-01T03:11:43.899Z,성공,,accounts/108642176633190765581/locations/1815050019925689016/localPosts/13115109343423080,갤럭시·아이폰 신모델 혜택 소식을 빠르게 확인하는 방법은? KT플라자 매
KT플라자 침산동 침산네거리점,ac7696effead,2026-09-01T03:11:47.676Z,성공,,accounts/108642176633190765581/locations/3616252759491746127/localPosts/659546723532040616,갤럭시·아이폰 신모델 혜택 소식을 빠르게 확인하는 방법은? KT플라자 매
KT플라자 탄방동 문정로점,ac7696effead,2026-09-01T03:11:51.561Z,성공,,accounts/108642176633190765581/locations/7386865973735279668/localPosts/8963006630267434294,갤럭시·아이폰 신모델 혜택 소식을 빠르게 확인하는 방법은? KT플라자 매
KT플라자 평택역점,ac7696effead,2026-09-01T03:11:55.166Z,성공,,accounts/108642176633190765581/locations/4810112136449186616/localPosts/7592421641959320170,갤럭시·아이폰 신모델 혜택 소식을 빠르게 확인하는 방법은? KT플라자 매
KT플라자 평화동 김천역점,ac7696effead,2026-09-01T03:11:58.050Z,성공,,accounts/108642176633190765581/locations/15731983171416500680/localPosts/7067764880137176933,갤럭시·아이폰 신모델 혜택 소식을 빠르게 확인하는 방법은? KT플라자 매
KT플라자 평화동 평화점,ac7696effead,2026-09-01T03:12:01.928Z,성공,,accounts/108642176633190765581/locations/17314336504475239235/localPosts/2788752507748413017,갤럭시·아이폰 신모델 혜택 소식을 빠르게 확인하는 방법은? KT플라자 매
KT플라자 하안동 하안점,ac7696effead,2026-09-01T03:12:05.614Z,성공,,accounts/108642176633190765581/locations/2749315110970479972/localPosts/7151084674470608801,갤럭시·아이폰 신모델 혜택 소식을 빠르게 확인하는 방법은? KT플라자 매
KT플라자 학동 학동점,ac7696effead,2026-09-01T03:12:08.583Z,성공,,accounts/108642176633190765581/locations/4186307716344891909/localPosts/3857324009733644639,갤럭시·아이폰 신모델 혜택 소식을 빠르게 확인하는 방법은? KT플라자 매
KT플라자 학동역점,ac7696effead,2026-09-01T03:12:11.905Z,성공,,accounts/108642176633190765581/locations/9035687793003040996/localPosts/2687362598175903821,갤럭시·아이폰 신모델 혜택 소식을 빠르게 확인하는 방법은? KT플라자 매
KT플라자 한강로 신용산역점,ac7696effead,2026-09-01T03:12:15.688Z,성공,,accounts/108642176633190765581/locations/16582160048976189055/localPosts/5840757655144709239,갤럭시·아이폰 신모델 혜택 소식을 빠르게 확인하는 방법은? KT플라자 매
KT플라자 호계동 호계점,ac7696effead,2026-09-01T03:12:19.244Z,성공,,accounts/108642176633190765581/locations/4360513238648410651/localPosts/271048865610448517,갤럭시·아이폰 신모델 혜택 소식을 빠르게 확인하는 방법은? KT플라자 매
KT플라자 홍제동 강릉유천점,ac7696effead,2026-09-01T03:12:23.330Z,성공,,accounts/108642176633190765581/locations/13647753794735043174/localPosts/7589482359456991209,갤럭시·아이폰 신모델 혜택 소식을 빠르게 확인하는 방법은? KT플라자 매
KT플라자 홍천읍 홍천중앙점,ac7696effead,2026-09-01T03:12:26.687Z,성공,,accounts/108642176633190765581/locations/1640640919619216889/localPosts/2897162229826943417,갤럭시·아이폰 신모델 혜택 소식을 빠르게 확인하는 방법은? KT플라자 매
KT플라자 화곡동 까치산역점,ac7696effead,2026-09-01T03:12:30.976Z,성공,,accounts/108642176633190765581/locations/5547272474205302554/localPosts/2647755034749444228,갤럭시·아이폰 신모델 혜택 소식을 빠르게 확인하는 방법은? KT플라자 매
KT플라자 화곡역점,ac7696effead,2026-09-01T03:12:34.289Z,성공,,accounts/108642176633190765581/locations/16325765893147519724/localPosts/5002860547324412027,갤럭시·아이폰 신모델 혜택 소식을 빠르게 확인하는 방법은? KT플라자 매
KT플라자 화명동 화명역점,ac7696effead,2026-09-01T03:12:37.863Z,성공,,accounts/108642176633190765581/locations/1335443214465841007/localPosts/8280063659061710888,갤럭시·아이폰 신모델 혜택 소식을 빠르게 확인하는 방법은? KT플라자 매
KT플라자 화봉동 화봉점,ac7696effead,2026-09-01T03:12:41.140Z,성공,,accounts/108642176633190765581/locations/14916481644681630407/localPosts/58060404181073023,갤럭시·아이폰 신모델 혜택 소식을 빠르게 확인하는 방법은? KT플라자 매
KT플라자 화서동 화서점,ac7696effead,2026-09-01T03:12:44.542Z,성공,,accounts/108642176633190765581/locations/7988136947416763894/localPosts/8688700320618315799,갤럭시·아이폰 신모델 혜택 소식을 빠르게 확인하는 방법은? KT플라자 매
KT플라자 화양동 건대입구역점,ac7696effead,2026-09-01T03:12:47.599Z,성공,,accounts/108642176633190765581/locations/14030451650569580504/localPosts/7942845464079770274,갤럭시·아이폰 신모델 혜택 소식을 빠르게 확인하는 방법은? KT플라자 매
KT플라자 화정동 화정역점,ac7696effead,2026-09-01T03:12:50.767Z,성공,,accounts/108642176633190765581/locations/1890829231206963686/localPosts/972486033673879880,갤럭시·아이폰 신모델 혜택 소식을 빠르게 확인하는 방법은? KT플라자 매
KT플라자 화정동 화정점,ac7696effead,2026-09-01T03:12:53.936Z,성공,,accounts/108642176633190765581/locations/5457506983449971471/localPosts/3885743335761335686,갤럭시·아이폰 신모델 혜택 소식을 빠르게 확인하는 방법은? KT플라자 매
KT플라자 황금동 충장점,ac7696effead,2026-09-01T03:12:57.378Z,성공,,accounts/108642176633190765581/locations/3792278583415984375/localPosts/419437014414722082,갤럭시·아이폰 신모델 혜택 소식을 빠르게 확인하는 방법은? KT플라자 매
KT플라자 황금동 황금점,ac7696effead,2026-09-01T03:13:01.622Z,성공,,accounts/108642176633190765581/locations/9400654905815085010/localPosts/3015953142874369036,갤럭시·아이폰 신모델 혜택 소식을 빠르게 확인하는 방법은? KT플라자 매
KT플라자 황성동 경주황성점,ac7696effead,2026-09-01T03:13:05.116Z,성공,,accounts/108642176633190765581/locations/17250835861006703469/localPosts/6013186491686898112,갤럭시·아이폰 신모델 혜택 소식을 빠르게 확인하는 방법은? KT플라자 매
KT플라자 효자동 포항효자점,ac7696effead,2026-09-01T03:13:08.486Z,성공,,accounts/108642176633190765581/locations/6407641898040445411/localPosts/9015566801531420896,갤럭시·아이폰 신모델 혜택 소식을 빠르게 확인하는 방법은? KT플라자 매
KT플라자 후평동 후평점,ac7696effead,2026-09-01T03:13:11.953Z,성공,,accounts/108642176633190765581/locations/14679758014772331686/localPosts/5269588691737019490,갤럭시·아이폰 신모델 혜택 소식을 빠르게 확인하는 방법은? KT플라자 매
KT플라자 관저동 관저중로점,ac7696effead,2026-09-01T04:53:24.296Z,성공,,accounts/108642176633190765581/locations/1520604034270410295/localPosts/5153292485079207704,갤럭시·아이폰 신모델 혜택 소식을 빠르게 확인하는 방법은? KT플라자 매
KT플라자 나운동 나운점,ac7696effead,2026-09-01T04:53:27.924Z,성공,,accounts/108642176633190765581/locations/18071816065078373430/localPosts/7520993474581105895,갤럭시·아이폰 신모델 혜택 소식을 빠르게 확인하는 방법은? KT플라자 매
KT플라자 내발산동 우장산역점,ac7696effead,2026-09-01T04:53:31.582Z,성공,,accounts/108642176633190765581/locations/6249804238324610998/localPosts/6711468312446362823,갤럭시·아이폰 신모델 혜택 소식을 빠르게 확인하는 방법은? KT플라자 매
KT플라자 구월동 모래내점,ac7696effead,2026-09-01T04:57:52.505Z,성공,,accounts/108642176633190765581/locations/1143561352872241890/localPosts/8450032440095593822,갤럭시·아이폰 신모델 혜택 소식을 빠르게 확인하는 방법은? KT플라자 매
KT플라자 두류동 감삼역점,ac7696effead,2026-09-01T04:57:56.067Z,성공,,accounts/108642176633190765581/locations/10459895309541463325/localPosts/8249818327455399509,갤럭시·아이폰 신모델 혜택 소식을 빠르게 확인하는 방법은? KT플라자 매
KT플라자 상인동 상인역점,ac7696effead,2026-09-01T04:58:00.368Z,성공,,accounts/108642176633190765581/locations/3875399794306716702/localPosts/920885832116662149,갤럭시·아이폰 신모델 혜택 소식을 빠르게 확인하는 방법은? KT플라자 매
KT플라자 후평동 후평점,987eddf17e13,2026-09-06T15:31:25.326Z,성공,,accounts/108642176633190765581/locations/14679758014772331686/localPosts/7637183019860713290,"지금 내 폰, 예상 보상 가격은 얼마일까? 9월 KT플라자 기기변경 가이"
KT플라자 효자동 포항효자점,987eddf17e13,2026-09-06T15:31:29.012Z,성공,,accounts/108642176633190765581/locations/6407641898040445411/localPosts/6531883243178436745,"지금 내 폰, 예상 보상 가격은 얼마일까? 9월 KT플라자 기기변경 가이"
KT플라자 황성동 경주황성점,987eddf17e13,2026-09-06T15:31:32.996Z,성공,,accounts/108642176633190765581/locations/17250835861006703469/localPosts/1551400049470693477,"지금 내 폰, 예상 보상 가격은 얼마일까? 9월 KT플라자 기기변경 가이"
KT플라자 황금동 황금점,987eddf17e13,2026-09-06T15:31:36.217Z,성공,,accounts/108642176633190765581/locations/9400654905815085010/localPosts/8700698297856209336,"지금 내 폰, 예상 보상 가격은 얼마일까? 9월 KT플라자 기기변경 가이"
KT플라자 황금동 충장점,987eddf17e13,2026-09-06T15:31:40.275Z,성공,,accounts/108642176633190765581/locations/3792278583415984375/localPosts/8468663799435503888,"지금 내 폰, 예상 보상 가격은 얼마일까? 9월 KT플라자 기기변경 가이"
KT플라자 화정동 화정점,987eddf17e13,2026-09-06T15:31:43.758Z,성공,,accounts/108642176633190765581/locations/5457506983449971471/localPosts/2983773622225528106,"지금 내 폰, 예상 보상 가격은 얼마일까? 9월 KT플라자 기기변경 가이"
KT플라자 화정동 화정역점,987eddf17e13,2026-09-06T15:31:47.444Z,성공,,accounts/108642176633190765581/locations/1890829231206963686/localPosts/7595504083149870978,"지금 내 폰, 예상 보상 가격은 얼마일까? 9월 KT플라자 기기변경 가이"
KT플라자 화양동 건대입구역점,987eddf17e13,2026-09-06T15:31:50.619Z,성공,,accounts/108642176633190765581/locations/14030451650569580504/localPosts/4035928428445899042,"지금 내 폰, 예상 보상 가격은 얼마일까? 9월 KT플라자 기기변경 가이"
KT플라자 화서동 화서점,987eddf17e13,2026-09-06T15:31:54.408Z,성공,,accounts/108642176633190765581/locations/7988136947416763894/localPosts/1228119626693942779,"지금 내 폰, 예상 보상 가격은 얼마일까? 9월 KT플라자 기기변경 가이"
KT플라자 화봉동 화봉점,987eddf17e13,2026-09-06T15:31:57.581Z,성공,,accounts/108642176633190765581/locations/14916481644681630407/localPosts/4964298914203709204,"지금 내 폰, 예상 보상 가격은 얼마일까? 9월 KT플라자 기기변경 가이"
KT플라자 화명동 화명역점,987eddf17e13,2026-09-06T15:32:00.654Z,성공,,accounts/108642176633190765581/locations/1335443214465841007/localPosts/7334669449908483231,"지금 내 폰, 예상 보상 가격은 얼마일까? 9월 KT플라자 기기변경 가이"
KT플라자 화곡동 화곡역점,987eddf17e13,2026-09-06T15:32:04.047Z,성공,,accounts/108642176633190765581/locations/16325765893147519724/localPosts/4836004153277178123,"지금 내 폰, 예상 보상 가격은 얼마일까? 9월 KT플라자 기기변경 가이"
KT플라자 화곡동 까치산역점,987eddf17e13,2026-09-06T15:32:08.026Z,성공,,accounts/108642176633190765581/locations/5547272474205302554/localPosts/6808925216400248288,"지금 내 폰, 예상 보상 가격은 얼마일까? 9월 KT플라자 기기변경 가이"
KT플라자 홍천읍 홍천중앙점,987eddf17e13,2026-09-06T15:32:11.918Z,성공,,accounts/108642176633190765581/locations/1640640919619216889/localPosts/9146905756880440458,"지금 내 폰, 예상 보상 가격은 얼마일까? 9월 KT플라자 기기변경 가이"
KT플라자 홍제동 강릉유천점,987eddf17e13,2026-09-06T15:32:15.250Z,성공,,accounts/108642176633190765581/locations/13647753794735043174/localPosts/4048473764833152552,"지금 내 폰, 예상 보상 가격은 얼마일까? 9월 KT플라자 기기변경 가이"
KT플라자 호계동 호계점,987eddf17e13,2026-09-06T15:32:18.778Z,성공,,accounts/108642176633190765581/locations/4360513238648410651/localPosts/1972396303013600909,"지금 내 폰, 예상 보상 가격은 얼마일까? 9월 KT플라자 기기변경 가이"
KT플라자 한강로 신용산역점,987eddf17e13,2026-09-06T15:32:22.465Z,성공,,accounts/108642176633190765581/locations/16582160048976189055/localPosts/3070393496094124216,"지금 내 폰, 예상 보상 가격은 얼마일까? 9월 KT플라자 기기변경 가이"
KT플라자 학동 학동점,987eddf17e13,2026-09-06T15:32:25.844Z,성공,,accounts/108642176633190765581/locations/4186307716344891909/localPosts/1174770439247819439,"지금 내 폰, 예상 보상 가격은 얼마일까? 9월 KT플라자 기기변경 가이"
KT플라자 하안동 하안점,987eddf17e13,2026-09-06T15:32:29.838Z,성공,,accounts/108642176633190765581/locations/2749315110970479972/localPosts/370094198578349681,"지금 내 폰, 예상 보상 가격은 얼마일까? 9월 KT플라자 기기변경 가이"
KT플라자 풍덕천동 수지구청점,987eddf17e13,2026-09-06T15:32:33.844Z,성공,,accounts/108642176633190765581/locations/14325198722968556626/localPosts/1125006638198672637,"지금 내 폰, 예상 보상 가격은 얼마일까? 9월 KT플라자 기기변경 가이"
KT플라자 평화동 평화점,987eddf17e13,2026-09-06T15:32:38.133Z,성공,,accounts/108642176633190765581/locations/17314336504475239235/localPosts/8094440616013241063,"지금 내 폰, 예상 보상 가격은 얼마일까? 9월 KT플라자 기기변경 가이"
KT플라자 평화동 김천역점,987eddf17e13,2026-09-06T15:32:41.512Z,성공,,accounts/108642176633190765581/locations/15731983171416500680/localPosts/5562230688681078594,"지금 내 폰, 예상 보상 가격은 얼마일까? 9월 KT플라자 기기변경 가이"
KT플라자 평택동 평택역점,987eddf17e13,2026-09-06T15:32:46.017Z,성공,,accounts/108642176633190765581/locations/4810112136449186616/localPosts/5182459378505053173,"지금 내 폰, 예상 보상 가격은 얼마일까? 9월 KT플라자 기기변경 가이"
KT플라자 탄방동 문정로점,987eddf17e13,2026-09-06T15:32:50.011Z,성공,,accounts/108642176633190765581/locations/7386865973735279668/localPosts/1903215611118915283,"지금 내 폰, 예상 보상 가격은 얼마일까? 9월 KT플라자 기기변경 가이"
KT플라자 침산동 침산네거리점,987eddf17e13,2026-09-06T15:32:54.208Z,성공,,accounts/108642176633190765581/locations/3616252759491746127/localPosts/1417826167757817935,"지금 내 폰, 예상 보상 가격은 얼마일까? 9월 KT플라자 기기변경 가이"
KT플라자 치평동 상무점,987eddf17e13,2026-09-06T15:32:57.280Z,성공,,accounts/108642176633190765581/locations/1815050019925689016/localPosts/8545800226589426506,"지금 내 폰, 예상 보상 가격은 얼마일까? 9월 KT플라자 기기변경 가이"
KT플라자 충인동 충주충인점,987eddf17e13,2026-09-06T15:32:59.990Z,성공,,accounts/108642176633190765581/locations/4126679517337293636/localPosts/8970788571867055925,"지금 내 폰, 예상 보상 가격은 얼마일까? 9월 KT플라자 기기변경 가이"
KT플라자 충무동 여수충무점,987eddf17e13,2026-09-06T15:33:03.981Z,성공,,accounts/108642176633190765581/locations/7757350751261421761/localPosts/2523605773117033858,"지금 내 폰, 예상 보상 가격은 얼마일까? 9월 KT플라자 기기변경 가이"
KT플라자 충무공동 진주혁신점,987eddf17e13,2026-09-06T15:33:07.474Z,성공,,accounts/108642176633190765581/locations/17434943185661212637/localPosts/67351004827570789,"지금 내 폰, 예상 보상 가격은 얼마일까? 9월 KT플라자 기기변경 가이"
KT플라자 청학동 연수청학점,987eddf17e13,2026-09-06T15:33:11.208Z,성공,,accounts/108642176633190765581/locations/438761619316423484/localPosts/6503680740309490228,"지금 내 폰, 예상 보상 가격은 얼마일까? 9월 KT플라자 기기변경 가이"
KT플라자 청라동 청라커낼웨이점,987eddf17e13,2026-09-06T15:33:14.383Z,성공,,accounts/108642176633190765581/locations/14905393900761144828/localPosts/3844716119036722836,"지금 내 폰, 예상 보상 가격은 얼마일까? 9월 KT플라자 기기변경 가이"
KT플라자 청당동 청수점,987eddf17e13,2026-09-06T15:33:17.659Z,성공,,accounts/108642176633190765581/locations/16346399464056634091/localPosts/4075105957637223373,"지금 내 폰, 예상 보상 가격은 얼마일까? 9월 KT플라자 기기변경 가이"
KT플라자 철산동 철산점,987eddf17e13,2026-09-06T15:33:21.344Z,성공,,accounts/108642176633190765581/locations/10301806896639057525/localPosts/6694383399492823409,"지금 내 폰, 예상 보상 가격은 얼마일까? 9월 KT플라자 기기변경 가이"
KT플라자 천호동 천호점,987eddf17e13,2026-09-06T15:33:25.371Z,성공,,accounts/108642176633190765581/locations/3719143189620177718/localPosts/5593642964017790341,"지금 내 폰, 예상 보상 가격은 얼마일까? 9월 KT플라자 기기변경 가이"
KT플라자 천곡동 동해천곡점,987eddf17e13,2026-09-06T15:33:29.692Z,성공,,accounts/108642176633190765581/locations/15893883883820936602/localPosts/8974117109018990895,"지금 내 폰, 예상 보상 가격은 얼마일까? 9월 KT플라자 기기변경 가이"
KT플라자 창선동 광복점,987eddf17e13,2026-09-06T15:33:33.484Z,성공,,accounts/108642176633190765581/locations/11927153679252357435/localPosts/134751339245160242,"지금 내 폰, 예상 보상 가격은 얼마일까? 9월 KT플라자 기기변경 가이"
KT플라자 진평동 진평점,987eddf17e13,2026-09-06T15:33:37.696Z,성공,,accounts/108642176633190765581/locations/12014407716662006236/localPosts/8323240226075681824,"지금 내 폰, 예상 보상 가격은 얼마일까? 9월 KT플라자 기기변경 가이"
KT플라자 진접읍 진접점,987eddf17e13,2026-09-06T15:33:41.007Z,성공,,accounts/108642176633190765581/locations/9376824440963003018/localPosts/3184548179188189620,"지금 내 폰, 예상 보상 가격은 얼마일까? 9월 KT플라자 기기변경 가이"
KT플라자 진관동 구파발점,987eddf17e13,2026-09-06T15:33:44.898Z,성공,,accounts/108642176633190765581/locations/5317285937417557056/localPosts/6390750324915935818,"지금 내 폰, 예상 보상 가격은 얼마일까? 9월 KT플라자 기기변경 가이"
KT플라자 지행동 지행역점,987eddf17e13,2026-09-06T15:33:48.175Z,성공,,accounts/108642176633190765581/locations/7009252136836848615/localPosts/7445155869566384088,"지금 내 폰, 예상 보상 가격은 얼마일까? 9월 KT플라자 기기변경 가이"
KT플라자 지족동 노은점,987eddf17e13,2026-09-06T15:33:51.963Z,성공,,accounts/108642176633190765581/locations/6719794570649191600/localPosts/8732520581894240539,"지금 내 폰, 예상 보상 가격은 얼마일까? 9월 KT플라자 기기변경 가이"
KT플라자 지산동 지산점,987eddf17e13,2026-09-06T15:33:55.957Z,성공,,accounts/108642176633190765581/locations/15962511623606088271/localPosts/5002856309643827828,"지금 내 폰, 예상 보상 가격은 얼마일까? 9월 KT플라자 기기변경 가이"
KT플라자 중앙동 과천점,987eddf17e13,2026-09-06T15:33:59.950Z,성공,,accounts/108642176633190765581/locations/12578209971413070652/localPosts/4728348819733756792,"지금 내 폰, 예상 보상 가격은 얼마일까? 9월 KT플라자 기기변경 가이"
KT플라자 중안동 진주중안점,987eddf17e13,2026-09-06T15:34:02.716Z,성공,,accounts/108642176633190765581/locations/846471987939808355/localPosts/707089103362970059,"지금 내 폰, 예상 보상 가격은 얼마일까? 9월 KT플라자 기기변경 가이"
KT플라자 중부동 양산이마트점,987eddf17e13,2026-09-06T15:34:06.812Z,성공,,accounts/108642176633190765581/locations/11428304028647370496/localPosts/7688644307750837067,"지금 내 폰, 예상 보상 가격은 얼마일까? 9월 KT플라자 기기변경 가이"
KT플라자 중부동 양산남부시장점,987eddf17e13,2026-09-06T15:34:10.906Z,성공,,accounts/108642176633190765581/locations/12290869090008137712/localPosts/7690175043851828444,"지금 내 폰, 예상 보상 가격은 얼마일까? 9월 KT플라자 기기변경 가이"
KT플라자 중계동 중계아울렛점,987eddf17e13,2026-09-06T15:34:15.208Z,성공,,accounts/108642176633190765581/locations/2073902413180689173/localPosts/6081656530087320097,"지금 내 폰, 예상 보상 가격은 얼마일까? 9월 KT플라자 기기변경 가이"
KT플라자 중계동 상계역점,987eddf17e13,2026-09-06T15:34:19.510Z,성공,,accounts/108642176633190765581/locations/16122283190336278353/localPosts/5026473954106369666,"지금 내 폰, 예상 보상 가격은 얼마일까? 9월 KT플라자 기기변경 가이"
KT플라자 주월동 백운광장점,987eddf17e13,2026-09-06T15:34:23.707Z,성공,,accounts/108642176633190765581/locations/17958576087656834877/localPosts/8909201463784586327,"지금 내 폰, 예상 보상 가격은 얼마일까? 9월 KT플라자 기기변경 가이"
KT플라자 주안동 석바위점,987eddf17e13,2026-09-06T15:34:27.702Z,성공,,accounts/108642176633190765581/locations/6782102280278858283/localPosts/8531987037267745133,"지금 내 폰, 예상 보상 가격은 얼마일까? 9월 KT플라자 기기변경 가이"
KT플라자 좌동 해운대장산역점,987eddf17e13,2026-09-06T15:34:31.285Z,성공,,accounts/108642176633190765581/locations/11680892997642968176/localPosts/2688525621727368164,"지금 내 폰, 예상 보상 가격은 얼마일까? 9월 KT플라자 기기변경 가이"
KT플라자 종로 종각점,987eddf17e13,2026-09-06T15:34:35.091Z,성공,,accounts/108642176633190765581/locations/534415485613054700/localPosts/4022324467213636436,"지금 내 폰, 예상 보상 가격은 얼마일까? 9월 KT플라자 기기변경 가이"
KT플라자 조례동 조례점,987eddf17e13,2026-09-06T15:34:38.552Z,성공,,accounts/108642176633190765581/locations/2682587988287716445/localPosts/109466935037710986,"지금 내 폰, 예상 보상 가격은 얼마일까? 9월 KT플라자 기기변경 가이"
KT플라자 정자동 정자역점,987eddf17e13,2026-09-06T15:34:42.303Z,성공,,accounts/108642176633190765581/locations/1485108101238970287/localPosts/3308938444911123008,"지금 내 폰, 예상 보상 가격은 얼마일까? 9월 KT플라자 기기변경 가이"
KT플라자 정릉동 정릉점,987eddf17e13,2026-09-06T15:34:46.133Z,성공,,accounts/108642176633190765581/locations/15015159007431041948/localPosts/2142864402648584336,"지금 내 폰, 예상 보상 가격은 얼마일까? 9월 KT플라자 기기변경 가이"
KT플라자 정관면 정관로점,987eddf17e13,2026-09-06T15:34:49.410Z,성공,,accounts/108642176633190765581/locations/4174919782182987283/localPosts/4459146607903143787,"지금 내 폰, 예상 보상 가격은 얼마일까? 9월 KT플라자 기기변경 가이"
KT플라자 전하동 전하아이파크점,987eddf17e13,2026-09-06T15:34:53.199Z,성공,,accounts/108642176633190765581/locations/11696664013097109248/localPosts/8932412288436815422,"지금 내 폰, 예상 보상 가격은 얼마일까? 9월 KT플라자 기기변경 가이"
KT플라자 전포동 전포카페거리점,987eddf17e13,2026-09-06T15:34:56.271Z,성공,,accounts/108642176633190765581/locations/4795381905295579712/localPosts/2618654325761850848,"지금 내 폰, 예상 보상 가격은 얼마일까? 9월 KT플라자 기기변경 가이"
KT플라자 장항동 일산점,987eddf17e13,2026-09-06T15:34:59.343Z,성공,,accounts/108642176633190765581/locations/9449119526178330460/localPosts/4892843303089564381,"지금 내 폰, 예상 보상 가격은 얼마일까? 9월 KT플라자 기기변경 가이"
KT플라자 장지동 위례점,987eddf17e13,2026-09-06T15:35:02.927Z,성공,,accounts/108642176633190765581/locations/2206952876530185852/localPosts/787447306483092905,"지금 내 폰, 예상 보상 가격은 얼마일까? 9월 KT플라자 기기변경 가이"
KT플라자 잠실동 신천역점,987eddf17e13,2026-09-06T15:35:06.613Z,성공,,accounts/108642176633190765581/locations/874109905254404761/localPosts/4730191462520719743,"지금 내 폰, 예상 보상 가격은 얼마일까? 9월 KT플라자 기기변경 가이"
KT플라자 자양동 자양번영로점,987eddf17e13,2026-09-06T15:35:09.929Z,성공,,accounts/108642176633190765581/locations/3570125163871814230/localPosts/3946124351222802681,"지금 내 폰, 예상 보상 가격은 얼마일까? 9월 KT플라자 기기변경 가이"
KT플라자 임당동 강릉임당점,987eddf17e13,2026-09-06T15:35:13.577Z,성공,,accounts/108642176633190765581/locations/17948903714277567955/localPosts/7767681302332831998,"지금 내 폰, 예상 보상 가격은 얼마일까? 9월 KT플라자 기기변경 가이"
KT플라자 인후동 인후점,987eddf17e13,2026-09-06T15:35:16.751Z,성공,,accounts/108642176633190765581/locations/4469564943106925458/localPosts/6886098712147895126,"지금 내 폰, 예상 보상 가격은 얼마일까? 9월 KT플라자 기기변경 가이"
KT플라자 인창동 구리리맥스점,987eddf17e13,2026-09-06T15:35:20.644Z,성공,,accounts/108642176633190765581/locations/14393268195267926718/localPosts/2772389439046154995,"지금 내 폰, 예상 보상 가격은 얼마일까? 9월 KT플라자 기기변경 가이"
KT플라자 인의동 구미인동점,987eddf17e13,2026-09-06T15:35:24.329Z,성공,,accounts/108642176633190765581/locations/7980274348023100122/localPosts/5443704067714131941,"지금 내 폰, 예상 보상 가격은 얼마일까? 9월 KT플라자 기기변경 가이"
KT플라자 인계동 인계점,987eddf17e13,2026-09-06T15:35:27.220Z,성공,,accounts/108642176633190765581/locations/1228610560245766302/localPosts/3663020666428728850,"지금 내 폰, 예상 보상 가격은 얼마일까? 9월 KT플라자 기기변경 가이"
KT플라자 이문동 외대역점,987eddf17e13,2026-09-06T15:35:30.370Z,성공,,accounts/108642176633190765581/locations/14343776270384022169/localPosts/7591956693533762116,"지금 내 폰, 예상 보상 가격은 얼마일까? 9월 KT플라자 기기변경 가이"
KT플라자 이도동 제주중앙점,987eddf17e13,2026-09-06T15:35:34.672Z,성공,,accounts/108642176633190765581/locations/10710654450785617433/localPosts/7247869291698337085,"지금 내 폰, 예상 보상 가격은 얼마일까? 9월 KT플라자 기기변경 가이"
KT플라자 의정부동 의정부로데오점,987eddf17e13,2026-09-06T15:35:38.771Z,성공,,accounts/108642176633190765581/locations/13101050925595285299/localPosts/7001480158651137306,"지금 내 폰, 예상 보상 가격은 얼마일까? 9월 KT플라자 기기변경 가이"
KT플라자 읍내동 당진중앙점,987eddf17e13,2026-09-06T15:35:42.658Z,성공,,accounts/108642176633190765581/locations/1036161084324455135/localPosts/115027823365123714,"지금 내 폰, 예상 보상 가격은 얼마일까? 9월 KT플라자 기기변경 가이"
KT플라자 은행동 은행점,987eddf17e13,2026-09-06T15:35:45.833Z,성공,,accounts/108642176633190765581/locations/12573998026833518569/localPosts/1696332543402435685,"지금 내 폰, 예상 보상 가격은 얼마일까? 9월 KT플라자 기기변경 가이"
KT플라자 율하동 율하점,987eddf17e13,2026-09-06T15:35:49.007Z,성공,,accounts/108642176633190765581/locations/2599274305348421779/localPosts/6408515068792047630,"지금 내 폰, 예상 보상 가격은 얼마일까? 9월 KT플라자 기기변경 가이"
KT플라자 율곡동 김천혁신점,987eddf17e13,2026-09-06T15:35:52.592Z,성공,,accounts/108642176633190765581/locations/169748189135455055/localPosts/215530065230175234,"지금 내 폰, 예상 보상 가격은 얼마일까? 9월 KT플라자 기기변경 가이"
KT플라자 월성동 신월성점,987eddf17e13,2026-09-06T15:35:55.766Z,성공,,accounts/108642176633190765581/locations/5729141935585344325/localPosts/2371499391717759925,"지금 내 폰, 예상 보상 가격은 얼마일까? 9월 KT플라자 기기변경 가이"
KT플라자 원흥동 원흥역점,987eddf17e13,2026-09-06T15:35:58.977Z,성공,,accounts/108642176633190765581/locations/9325810004194286484/localPosts/825078735044363668,"지금 내 폰, 예상 보상 가격은 얼마일까? 9월 KT플라자 기기변경 가이"
KT플라자 원평동 구미역점,987eddf17e13,2026-09-06T15:36:03.242Z,성공,,accounts/108642176633190765581/locations/359843654004903222/localPosts/681884351838610354,"지금 내 폰, 예상 보상 가격은 얼마일까? 9월 KT플라자 기기변경 가이"
KT플라자 원종동 원종점,987eddf17e13,2026-09-06T15:36:06.210Z,성공,,accounts/108642176633190765581/locations/14454829533243775479/localPosts/5638841614259396570,"지금 내 폰, 예상 보상 가격은 얼마일까? 9월 KT플라자 기기변경 가이"
KT플라자 원곡동 안산역점,987eddf17e13,2026-09-06T15:36:10.409Z,성공,,accounts/108642176633190765581/locations/12317171870774471515/localPosts/938757847196203351,"지금 내 폰, 예상 보상 가격은 얼마일까? 9월 KT플라자 기기변경 가이"
KT플라자 운흥동 안동홈플러스점,987eddf17e13,2026-09-06T15:36:14.506Z,성공,,accounts/108642176633190765581/locations/8314786293213493170/localPosts/4162061553669583,"지금 내 폰, 예상 보상 가격은 얼마일까? 9월 KT플라자 기기변경 가이"
KT플라자 운양동 운양점,987eddf17e13,2026-09-06T15:36:18.089Z,성공,,accounts/108642176633190765581/locations/1424757506742019768/localPosts/4831654987686036594,"지금 내 폰, 예상 보상 가격은 얼마일까? 9월 KT플라자 기기변경 가이"
KT플라자 우동 해운대역점,987eddf17e13,2026-09-06T15:36:22.185Z,성공,,accounts/108642176633190765581/locations/16464657263562312933/localPosts/7084622198026391307,"지금 내 폰, 예상 보상 가격은 얼마일까? 9월 KT플라자 기기변경 가이"
KT플라자 용현동 용현점,987eddf17e13,2026-09-06T15:36:25.564Z,성공,,accounts/108642176633190765581/locations/8364272864677512293/localPosts/7033629474881274920,"지금 내 폰, 예상 보상 가격은 얼마일까? 9월 KT플라자 기기변경 가이"
KT플라자 용해동 용해점,987eddf17e13,2026-09-06T15:36:29.283Z,성공,,accounts/108642176633190765581/locations/9805327075256712560/localPosts/7504295059339538021,"지금 내 폰, 예상 보상 가격은 얼마일까? 9월 KT플라자 기기변경 가이"
KT플라자 외동 김해외동점,987eddf17e13,2026-09-06T15:36:32.523Z,성공,,accounts/108642176633190765581/locations/18070371153448289434/localPosts/1810767181508112137,"지금 내 폰, 예상 보상 가격은 얼마일까? 9월 KT플라자 기기변경 가이"
KT플라자 온천동 온양온천점,987eddf17e13,2026-09-06T15:36:36.523Z,성공,,accounts/108642176633190765581/locations/7929296102600253249/localPosts/5748400251679671091,"지금 내 폰, 예상 보상 가격은 얼마일까? 9월 KT플라자 기기변경 가이"
KT플라자 온의동 온의점,987eddf17e13,2026-09-06T15:36:39.901Z,성공,,accounts/108642176633190765581/locations/6540768868554798149/localPosts/3278982928716273330,"지금 내 폰, 예상 보상 가격은 얼마일까? 9월 KT플라자 기기변경 가이"
KT플라자 옥련동 옥련점,987eddf17e13,2026-09-06T15:36:44.020Z,성공,,accounts/108642176633190765581/locations/12457115937793431800/localPosts/4495251095056661379,"지금 내 폰, 예상 보상 가격은 얼마일까? 9월 KT플라자 기기변경 가이"
KT플라자 옥동 안동점,987eddf17e13,2026-09-06T15:36:47.580Z,성공,,accounts/108642176633190765581/locations/13804177221884165586/localPosts/3296236733523947783,"지금 내 폰, 예상 보상 가격은 얼마일까? 9월 KT플라자 기기변경 가이"
KT플라자 옥동 안동옥동점,987eddf17e13,2026-09-06T15:36:51.166Z,성공,,accounts/108642176633190765581/locations/8730222295573490781/localPosts/2755961912723080219,"지금 내 폰, 예상 보상 가격은 얼마일까? 9월 KT플라자 기기변경 가이"
KT플라자 옥길동 퀸즈파크옥길점,987eddf17e13,2026-09-06T15:36:54.646Z,성공,,accounts/108642176633190765581/locations/10680970707419721997/localPosts/5799689825989694780,"지금 내 폰, 예상 보상 가격은 얼마일까? 9월 KT플라자 기기변경 가이"
KT플라자 옥계동 구미옥계점,987eddf17e13,2026-09-06T15:36:57.832Z,성공,,accounts/108642176633190765581/locations/15375625964454396039/localPosts/4044631796410097483,"지금 내 폰, 예상 보상 가격은 얼마일까? 9월 KT플라자 기기변경 가이"
KT플라자 오천읍 오천문덕점,987eddf17e13,2026-09-06T15:37:01.684Z,성공,,accounts/108642176633190765581/locations/618462519110469287/localPosts/5622820942297073606,"지금 내 폰, 예상 보상 가격은 얼마일까? 9월 KT플라자 기기변경 가이"
KT플라자 오산동 오산중앙점,987eddf17e13,2026-09-06T15:37:03.689Z,성공,,accounts/108642176633190765581/locations/16196504821435095129/localPosts/251663134743445650,"지금 내 폰, 예상 보상 가격은 얼마일까? 9월 KT플라자 기기변경 가이"
KT플라자 오산동 동탄역점,987eddf17e13,2026-09-06T15:37:07.543Z,성공,,accounts/108642176633190765581/locations/7072098442671577078/localPosts/4324075745103872580,"지금 내 폰, 예상 보상 가격은 얼마일까? 9월 KT플라자 기기변경 가이"
KT플라자 영통동 영통역점,987eddf17e13,2026-09-06T15:37:11.267Z,성공,,accounts/108642176633190765581/locations/13516507711200393766/localPosts/6202944876533463149,"지금 내 폰, 예상 보상 가격은 얼마일까? 9월 KT플라자 기기변경 가이"
KT플라자 영등동 영등점,987eddf17e13,2026-09-06T15:37:15.465Z,성공,,accounts/108642176633190765581/locations/14775089244822418098/localPosts/4223686136116465525,"지금 내 폰, 예상 보상 가격은 얼마일까? 9월 KT플라자 기기변경 가이"
KT플라자 연향동 순천연향점,987eddf17e13,2026-09-06T15:37:19.152Z,성공,,accounts/108642176633190765581/locations/15256108307085886098/localPosts/6570738587626935954,"지금 내 폰, 예상 보상 가격은 얼마일까? 9월 KT플라자 기기변경 가이"
KT플라자 역촌동 응암역점,987eddf17e13,2026-09-06T15:37:22.736Z,성공,,accounts/108642176633190765581/locations/14071034172423974279/localPosts/4227484467581089061,"지금 내 폰, 예상 보상 가격은 얼마일까? 9월 KT플라자 기기변경 가이"
KT플라자 역삼동 선릉사거리점,987eddf17e13,2026-09-06T15:37:26.627Z,성공,,accounts/108642176633190765581/locations/8226766717197457989/localPosts/6999253952267681169,"지금 내 폰, 예상 보상 가격은 얼마일까? 9월 KT플라자 기기변경 가이"
KT플라자 여의도동 여의도역점,987eddf17e13,2026-09-06T15:37:31.030Z,성공,,accounts/108642176633190765581/locations/9870932454550941728/localPosts/4259727199013290211,"지금 내 폰, 예상 보상 가격은 얼마일까? 9월 KT플라자 기기변경 가이"
KT플라자 양재동 양재시민의숲점,987eddf17e13,2026-09-06T15:37:34.783Z,성공,,accounts/108642176633190765581/locations/296193895315054058/localPosts/8665030585683589281,"지금 내 폰, 예상 보상 가격은 얼마일까? 9월 KT플라자 기기변경 가이"
KT플라자 양산동 광주양산점,987eddf17e13,2026-09-06T15:37:38.506Z,성공,,accounts/108642176633190765581/locations/9718710816260831050/localPosts/4952468393333959920,"지금 내 폰, 예상 보상 가격은 얼마일까? 9월 KT플라자 기기변경 가이"
KT플라자 안양동 안양일번가점,987eddf17e13,2026-09-06T15:37:42.090Z,성공,,accounts/108642176633190765581/locations/1040831529454804526/localPosts/4002210886715057485,"지금 내 폰, 예상 보상 가격은 얼마일까? 9월 KT플라자 기기변경 가이"
KT플라자 아름동 세종중앙점,987eddf17e13,2026-09-06T15:37:45.794Z,성공,,accounts/108642176633190765581/locations/8750969626776133062/localPosts/1713605387867163140,"지금 내 폰, 예상 보상 가격은 얼마일까? 9월 KT플라자 기기변경 가이"
KT플라자 심곡동 부천역점,987eddf17e13,2026-09-06T15:37:49.667Z,성공,,accounts/108642176633190765581/locations/15963198675316330388/localPosts/4903055282502748567,"지금 내 폰, 예상 보상 가격은 얼마일까? 9월 KT플라자 기기변경 가이"
KT플라자 신정동 신정네거리역점,987eddf17e13,2026-09-06T15:37:53.242Z,성공,,accounts/108642176633190765581/locations/15281591921356247303/localPosts/8687037348101576225,"지금 내 폰, 예상 보상 가격은 얼마일까? 9월 KT플라자 기기변경 가이"
KT플라자 신정동 목동역점,987eddf17e13,2026-09-06T15:37:57.860Z,성공,,accounts/108642176633190765581/locations/15038764203885830988/localPosts/1062985113605349019,"지금 내 폰, 예상 보상 가격은 얼마일까? 9월 KT플라자 기기변경 가이"
KT플라자 신장동 하남신장점,987eddf17e13,2026-09-06T15:38:02.161Z,성공,,accounts/108642176633190765581/locations/12702388446513576664/localPosts/3299358079368110759,"지금 내 폰, 예상 보상 가격은 얼마일까? 9월 KT플라자 기기변경 가이"
KT플라자 신음동 김천중앙점,987eddf17e13,2026-09-06T15:38:05.848Z,성공,,accounts/108642176633190765581/locations/2534398099051041935/localPosts/6925617607459240391,"지금 내 폰, 예상 보상 가격은 얼마일까? 9월 KT플라자 기기변경 가이"
KT플라자 신암동 동구청점,987eddf17e13,2026-09-06T15:38:08.919Z,성공,,accounts/108642176633190765581/locations/8406588292354341225/localPosts/433456832133909654,"지금 내 폰, 예상 보상 가격은 얼마일까? 9월 KT플라자 기기변경 가이"
KT플라자 신사동 신사역점,987eddf17e13,2026-09-06T15:38:12.299Z,성공,,accounts/108642176633190765581/locations/16055758216551097902/localPosts/1920256432820138915,"지금 내 폰, 예상 보상 가격은 얼마일까? 9월 KT플라자 기기변경 가이"
KT플라자 신부동 만남로점,987eddf17e13,2026-09-06T15:38:15.479Z,성공,,accounts/108642176633190765581/locations/3390709140278828307/localPosts/2670826172206781401,"지금 내 폰, 예상 보상 가격은 얼마일까? 9월 KT플라자 기기변경 가이"
KT플라자 신매동 시지점,987eddf17e13,2026-09-06T15:38:19.365Z,성공,,accounts/108642176633190765581/locations/8641310655559691174/localPosts/2653236291544182133,"지금 내 폰, 예상 보상 가격은 얼마일까? 9월 KT플라자 기기변경 가이"
KT플라자 신림동 신림점,987eddf17e13,2026-09-06T15:38:23.241Z,성공,,accounts/108642176633190765581/locations/8890939540388698802/localPosts/4750424886251737053,"지금 내 폰, 예상 보상 가격은 얼마일까? 9월 KT플라자 기기변경 가이"
KT플라자 신대리 신대점,987eddf17e13,2026-09-06T15:38:28.273Z,성공,,accounts/108642176633190765581/locations/4747179711034388527/localPosts/4057401146093399291,"지금 내 폰, 예상 보상 가격은 얼마일까? 9월 KT플라자 기기변경 가이"
KT플라자 신당동 신당점,987eddf17e13,2026-09-06T15:38:32.369Z,성공,,accounts/108642176633190765581/locations/1794089602294645941/localPosts/3088689434229175070,"지금 내 폰, 예상 보상 가격은 얼마일까? 9월 KT플라자 기기변경 가이"
KT플라자 신당동 성서계명대점,987eddf17e13,2026-09-06T15:38:36.055Z,성공,,accounts/108642176633190765581/locations/18281078184987383399/localPosts/2856869838478535331,"지금 내 폰, 예상 보상 가격은 얼마일까? 9월 KT플라자 기기변경 가이"
KT플라자 신길동 신길점,987eddf17e13,2026-09-06T15:38:39.025Z,성공,,accounts/108642176633190765581/locations/11344257564543177137/localPosts/2396081795470485101,"지금 내 폰, 예상 보상 가격은 얼마일까? 9월 KT플라자 기기변경 가이"
KT플라자 신길동 신길뉴타운점,987eddf17e13,2026-09-06T15:38:42.521Z,성공,,accounts/108642176633190765581/locations/16699752096716770929/localPosts/5574942982443626521,"지금 내 폰, 예상 보상 가격은 얼마일까? 9월 KT플라자 기기변경 가이"
KT플라자 신관동 공주대점,987eddf17e13,2026-09-06T15:38:46.663Z,성공,,accounts/108642176633190765581/locations/16104443881810767073/localPosts/4691163579738636039,"지금 내 폰, 예상 보상 가격은 얼마일까? 9월 KT플라자 기기변경 가이"
KT플라자 수완동 광산점,987eddf17e13,2026-09-06T15:38:50.391Z,성공,,accounts/108642176633190765581/locations/8332671982810903851/localPosts/7962264520984787761,"지금 내 폰, 예상 보상 가격은 얼마일까? 9월 KT플라자 기기변경 가이"
KT플라자 수송동 수송점,987eddf17e13,2026-09-06T15:38:54.384Z,성공,,accounts/108642176633190765581/locations/3741666394060806865/localPosts/4470268316453048062,"지금 내 폰, 예상 보상 가격은 얼마일까? 9월 KT플라자 기기변경 가이"
KT플라자 수성동 대구은행역점,987eddf17e13,2026-09-06T15:38:57.968Z,성공,,accounts/108642176633190765581/locations/10266914556156697120/localPosts/6370579266083004381,"지금 내 폰, 예상 보상 가격은 얼마일까? 9월 KT플라자 기기변경 가이"
KT플라자 수내동 수내푸른마을점,987eddf17e13,2026-09-06T15:39:01.620Z,성공,,accounts/108642176633190765581/locations/2986811220708115073/localPosts/7673214095579894065,"지금 내 폰, 예상 보상 가격은 얼마일까? 9월 KT플라자 기기변경 가이"
KT플라자 수내동 수내역점,987eddf17e13,2026-09-06T15:39:05.649Z,성공,,accounts/108642176633190765581/locations/4802583428044820416/localPosts/3979465232900959026,"지금 내 폰, 예상 보상 가격은 얼마일까? 9월 KT플라자 기기변경 가이"
KT플라자 송촌동 송촌점,987eddf17e13,2026-09-06T15:39:09.745Z,성공,,accounts/108642176633190765581/locations/6782839391735762122/localPosts/7187670166215652278,"지금 내 폰, 예상 보상 가격은 얼마일까? 9월 KT플라자 기기변경 가이"
KT플라자 송도동 송도점,987eddf17e13,2026-09-06T15:39:14.866Z,성공,,accounts/108642176633190765581/locations/11859735585039436097/localPosts/6677142326225724494,"지금 내 폰, 예상 보상 가격은 얼마일까? 9월 KT플라자 기기변경 가이"
KT플라자 송내동 송내역점,987eddf17e13,2026-09-06T15:39:18.251Z,성공,,accounts/108642176633190765581/locations/12802842362242572214/localPosts/3988440827358925509,"지금 내 폰, 예상 보상 가격은 얼마일까? 9월 KT플라자 기기변경 가이"
KT플라자 세종로 광화문온맞이점,987eddf17e13,2026-09-06T15:39:21.623Z,성공,,accounts/108642176633190765581/locations/1810789053593508103/localPosts/8692573864095909688,"지금 내 폰, 예상 보상 가격은 얼마일까? 9월 KT플라자 기기변경 가이"
KT플라자 성복동 성복역점,987eddf17e13,2026-09-06T15:39:25.692Z,성공,,accounts/108642176633190765581/locations/4189274631875957691/localPosts/5883408478008001516,"지금 내 폰, 예상 보상 가격은 얼마일까? 9월 KT플라자 기기변경 가이"
KT플라자 성내동 길동사거리점,987eddf17e13,2026-09-06T15:39:28.996Z,성공,,accounts/108642176633190765581/locations/10614341108023014255/localPosts/7596522758762604614,"지금 내 폰, 예상 보상 가격은 얼마일까? 9월 KT플라자 기기변경 가이"
KT플라자 성남동 울산성남아케이드점,987eddf17e13,2026-09-06T15:39:32.887Z,성공,,accounts/108642176633190765581/locations/7709668885778918732/localPosts/4938169069252070570,"지금 내 폰, 예상 보상 가격은 얼마일까? 9월 KT플라자 기기변경 가이"
KT플라자 성남동 모란점,987eddf17e13,2026-09-06T15:39:36.676Z,성공,,accounts/108642176633190765581/locations/3638994797858872875/localPosts/3671555755745681537,"지금 내 폰, 예상 보상 가격은 얼마일까? 9월 KT플라자 기기변경 가이"
KT플라자 선암동 선운점,987eddf17e13,2026-09-06T15:39:40.670Z,성공,,accounts/108642176633190765581/locations/8235652926572467033/localPosts/5530062963540423479,"지금 내 폰, 예상 보상 가격은 얼마일까? 9월 KT플라자 기기변경 가이"
KT플라자 선부동 안산선부점,987eddf17e13,2026-09-06T15:39:43.831Z,성공,,accounts/108642176633190765581/locations/300651213919570901/localPosts/3336005562125760778,"지금 내 폰, 예상 보상 가격은 얼마일까? 9월 KT플라자 기기변경 가이"
KT플라자 석사동 석사점,987eddf17e13,2026-09-06T15:39:47.634Z,성공,,accounts/108642176633190765581/locations/7884728435119578091/localPosts/981980837534949016,"지금 내 폰, 예상 보상 가격은 얼마일까? 9월 KT플라자 기기변경 가이"
KT플라자 석남동 석남역점,987eddf17e13,2026-09-06T15:39:50.706Z,성공,,accounts/108642176633190765581/locations/3038865465092916078/localPosts/8181088032939243742,"지금 내 폰, 예상 보상 가격은 얼마일까? 9월 KT플라자 기기변경 가이"
KT플라자 서현동 서현역점,987eddf17e13,2026-09-06T15:39:53.880Z,성공,,accounts/108642176633190765581/locations/4563973866082906827/localPosts/2207085444379353872,"지금 내 폰, 예상 보상 가격은 얼마일까? 9월 KT플라자 기기변경 가이"
KT플라자 서초동 교대역점,987eddf17e13,2026-09-06T15:39:57.668Z,성공,,accounts/108642176633190765581/locations/1680046333021124375/localPosts/7073973300217131928,"지금 내 폰, 예상 보상 가격은 얼마일까? 9월 KT플라자 기기변경 가이"
KT플라자 서초동 강남대로점,987eddf17e13,2026-09-06T15:40:00.945Z,성공,,accounts/108642176633190765581/locations/3665296750084159382/localPosts/8774892629671288496,"지금 내 폰, 예상 보상 가격은 얼마일까? 9월 KT플라자 기기변경 가이"
KT플라자 서귀동 서귀시청점,987eddf17e13,2026-09-06T15:40:04.735Z,성공,,accounts/108642176633190765581/locations/10252844069355401345/localPosts/690439333865783962,"지금 내 폰, 예상 보상 가격은 얼마일까? 9월 KT플라자 기기변경 가이"
KT플라자 상현동 상현점,987eddf17e13,2026-09-06T15:40:08.626Z,성공,,accounts/108642176633190765581/locations/8378325226351713083/localPosts/2934862172844981836,"지금 내 폰, 예상 보상 가격은 얼마일까? 9월 KT플라자 기기변경 가이"
KT플라자 상현동 광교상현역점,987eddf17e13,2026-09-06T15:40:12.825Z,성공,,accounts/108642176633190765581/locations/17313415860673145315/localPosts/4040204219732001301,"지금 내 폰, 예상 보상 가격은 얼마일까? 9월 KT플라자 기기변경 가이"
KT플라자 상인동 상인역점,987eddf17e13,2026-09-06T15:40:16.614Z,성공,,accounts/108642176633190765581/locations/3875399794306716702/localPosts/8328236122587799672,"지금 내 폰, 예상 보상 가격은 얼마일까? 9월 KT플라자 기기변경 가이"
KT플라자 상인동 상인롯데점,987eddf17e13,2026-09-06T15:40:20.504Z,성공,,accounts/108642176633190765581/locations/7818663025726319218/localPosts/9192823087805780480,"지금 내 폰, 예상 보상 가격은 얼마일까? 9월 KT플라자 기기변경 가이"
KT플라자 상암동 상암애드샵점,987eddf17e13,2026-09-06T15:40:24.259Z,성공,,accounts/108642176633190765581/locations/10903105633363940732/localPosts/454807657900248079,"지금 내 폰, 예상 보상 가격은 얼마일까? 9월 KT플라자 기기변경 가이"
KT플라자 상봉동 상봉역점,987eddf17e13,2026-09-06T15:40:28.390Z,성공,,accounts/108642176633190765581/locations/15055495101851206979/localPosts/143671333894472341,"지금 내 폰, 예상 보상 가격은 얼마일까? 9월 KT플라자 기기변경 가이"
KT플라자 상동 부천상동점,987eddf17e13,2026-09-06T15:40:32.280Z,성공,,accounts/108642176633190765581/locations/11133208004507971013/localPosts/6954987291637607285,"지금 내 폰, 예상 보상 가격은 얼마일까? 9월 KT플라자 기기변경 가이"
KT플라자 상동 목포상동점,987eddf17e13,2026-09-06T15:40:36.274Z,성공,,accounts/108642176633190765581/locations/661648759987771906/localPosts/7087938535911064835,"지금 내 폰, 예상 보상 가격은 얼마일까? 9월 KT플라자 기기변경 가이"
KT플라자 상남동 상남사거리점,987eddf17e13,2026-09-06T15:40:40.164Z,성공,,accounts/108642176633190765581/locations/233975689113170455/localPosts/253837268973657592,"지금 내 폰, 예상 보상 가격은 얼마일까? 9월 KT플라자 기기변경 가이"
KT플라자 삼향읍 남악점,987eddf17e13,2026-09-06T15:40:43.545Z,성공,,accounts/108642176633190765581/locations/2505501511669761668/localPosts/374836237970081184,"지금 내 폰, 예상 보상 가격은 얼마일까? 9월 KT플라자 기기변경 가이"
KT플라자 삼전동 삼전점,987eddf17e13,2026-09-06T15:40:47.128Z,성공,,accounts/108642176633190765581/locations/16341599821348253783/localPosts/3470194032012283382,"지금 내 폰, 예상 보상 가격은 얼마일까? 9월 KT플라자 기기변경 가이"
KT플라자 삼산동 삼산점,987eddf17e13,2026-09-06T15:40:50.508Z,성공,,accounts/108642176633190765581/locations/11097515837463727626/localPosts/4973763809722052027,"지금 내 폰, 예상 보상 가격은 얼마일까? 9월 KT플라자 기기변경 가이"
KT플라자 삼계동 김해삼계점,987eddf17e13,2026-09-06T15:40:54.502Z,성공,,accounts/108642176633190765581/locations/9887671938719538641/localPosts/7083928999868766623,"지금 내 폰, 예상 보상 가격은 얼마일까? 9월 KT플라자 기기변경 가이"
KT플라자 산척동 동탄호수공원점,987eddf17e13,2026-09-06T15:40:58.083Z,성공,,accounts/108642176633190765581/locations/1761514591632839499/localPosts/728402622641692230,"지금 내 폰, 예상 보상 가격은 얼마일까? 9월 KT플라자 기기변경 가이"
KT플라자 산본동 산본점,987eddf17e13,2026-09-06T15:41:02.129Z,성공,,accounts/108642176633190765581/locations/5135878762116936367/localPosts/2445082300107626151,"지금 내 폰, 예상 보상 가격은 얼마일까? 9월 KT플라자 기기변경 가이"
KT플라자 사창동 중문점,987eddf17e13,2026-09-06T15:41:06.072Z,성공,,accounts/108642176633190765581/locations/3118626389991536858/localPosts/9062190139238687085,"지금 내 폰, 예상 보상 가격은 얼마일까? 9월 KT플라자 기기변경 가이"
KT플라자 사우동 사우점,987eddf17e13,2026-09-06T15:41:09.555Z,성공,,accounts/108642176633190765581/locations/3267908099504292982/localPosts/4819092380849987644,"지금 내 폰, 예상 보상 가격은 얼마일까? 9월 KT플라자 기기변경 가이"
KT플라자 비산동 범계점,987eddf17e13,2026-09-06T15:41:13.343Z,성공,,accounts/108642176633190765581/locations/10660721299360949480/localPosts/8476830090793510112,"지금 내 폰, 예상 보상 가격은 얼마일까? 9월 KT플라자 기기변경 가이"
KT플라자 불당동 불당점,987eddf17e13,2026-09-06T15:41:17.132Z,성공,,accounts/108642176633190765581/locations/8503297213304322586/localPosts/7879890140473584941,"지금 내 폰, 예상 보상 가격은 얼마일까? 9월 KT플라자 기기변경 가이"
KT플라자 불광동 연신내역점,987eddf17e13,2026-09-06T15:41:20.511Z,성공,,accounts/108642176633190765581/locations/5109332904742190288/localPosts/6631207304301740414,"지금 내 폰, 예상 보상 가격은 얼마일까? 9월 KT플라자 기기변경 가이"
KT플라자 북문로 청주중앙점,987eddf17e13,2026-09-06T15:41:24.300Z,성공,,accounts/108642176633190765581/locations/4514958895143510462/localPosts/1452551658108296473,"지금 내 폰, 예상 보상 가격은 얼마일까? 9월 KT플라자 기기변경 가이"
KT플라자 부평동 부평문화거리점,987eddf17e13,2026-09-06T15:41:28.091Z,성공,,accounts/108642176633190765581/locations/13747672287449329326/localPosts/4130360237133422911,"지금 내 폰, 예상 보상 가격은 얼마일까? 9월 KT플라자 기기변경 가이"
KT플라자 부곡동 장유점,987eddf17e13,2026-09-06T15:41:32.184Z,성공,,accounts/108642176633190765581/locations/9249560149593229138/localPosts/6537227006698348726,"지금 내 폰, 예상 보상 가격은 얼마일까? 9월 KT플라자 기기변경 가이"
KT플라자 봉천동 서울대점,987eddf17e13,2026-09-06T15:41:36.178Z,성공,,accounts/108642176633190765581/locations/9408372089865062560/localPosts/4462834594616223404,"지금 내 폰, 예상 보상 가격은 얼마일까? 9월 KT플라자 기기변경 가이"
KT플라자 봉선동 봉선중앙점,987eddf17e13,2026-09-06T15:41:39.660Z,성공,,accounts/108642176633190765581/locations/380934041250764569/localPosts/3826422708732426069,"지금 내 폰, 예상 보상 가격은 얼마일까? 9월 KT플라자 기기변경 가이"
KT플라자 봉명동 유성점,987eddf17e13,2026-09-06T15:41:43.569Z,성공,,accounts/108642176633190765581/locations/13808974667792582961/localPosts/6571690946661177229,"지금 내 폰, 예상 보상 가격은 얼마일까? 9월 KT플라자 기기변경 가이"
KT플라자 본오동 상록수역점,987eddf17e13,2026-09-06T15:41:46.931Z,성공,,accounts/108642176633190765581/locations/1755584130380434503/localPosts/8017645964718025546,"지금 내 폰, 예상 보상 가격은 얼마일까? 9월 KT플라자 기기변경 가이"
KT플라자 본오동 본오점,987eddf17e13,2026-09-06T15:41:50.327Z,성공,,accounts/108642176633190765581/locations/17831981653758653201/localPosts/1243501558860253609,"지금 내 폰, 예상 보상 가격은 얼마일까? 9월 KT플라자 기기변경 가이"
KT플라자 보정동 보정점,987eddf17e13,2026-09-06T15:41:54.099Z,성공,,accounts/108642176633190765581/locations/8043135407738246082/localPosts/4887998805967077185,"지금 내 폰, 예상 보상 가격은 얼마일까? 9월 KT플라자 기기변경 가이"
KT플라자 범서읍 구영로점,987eddf17e13,2026-09-06T15:41:58.707Z,성공,,accounts/108642176633190765581/locations/10312771838028686298/localPosts/1867904698836118216,"지금 내 폰, 예상 보상 가격은 얼마일까? 9월 KT플라자 기기변경 가이"
KT플라자 번동 수유점,987eddf17e13,2026-09-06T15:42:02.187Z,성공,,accounts/108642176633190765581/locations/11251075240553945491/localPosts/2978620436582338316,"지금 내 폰, 예상 보상 가격은 얼마일까? 9월 KT플라자 기기변경 가이"
KT플라자 방배동 사당점,987eddf17e13,2026-09-06T15:42:06.388Z,성공,,accounts/108642176633190765581/locations/1722308835041395240/localPosts/1374288401941158052,"지금 내 폰, 예상 보상 가격은 얼마일까? 9월 KT플라자 기기변경 가이"
KT플라자 반포동 신논현점,987eddf17e13,2026-09-06T15:42:10.483Z,성공,,accounts/108642176633190765581/locations/18440196106822265081/localPosts/4556407410754735382,"지금 내 폰, 예상 보상 가격은 얼마일까? 9월 KT플라자 기기변경 가이"
KT플라자 반송동 동탄센트럴파크점,987eddf17e13,2026-09-06T15:42:14.095Z,성공,,accounts/108642176633190765581/locations/1252488692989377132/localPosts/7026051454539514358,"지금 내 폰, 예상 보상 가격은 얼마일까? 9월 KT플라자 기기변경 가이"
KT플라자 반송동 동탄나루마을점,987eddf17e13,2026-09-06T15:42:18.368Z,성공,,accounts/108642176633190765581/locations/10441086142231643562/localPosts/8606184117862857308,"지금 내 폰, 예상 보상 가격은 얼마일까? 9월 KT플라자 기기변경 가이"
KT플라자 반림동 반림점,987eddf17e13,2026-09-06T15:42:22.464Z,성공,,accounts/108642176633190765581/locations/13717583353364812282/localPosts/6770435878903814260,"지금 내 폰, 예상 보상 가격은 얼마일까? 9월 KT플라자 기기변경 가이"
KT플라자 미아동 삼양로점,987eddf17e13,2026-09-06T15:42:26.971Z,성공,,accounts/108642176633190765581/locations/1089513380643988386/localPosts/8060456530089027276,"지금 내 폰, 예상 보상 가격은 얼마일까? 9월 KT플라자 기기변경 가이"
KT플라자 문화동 문화점,987eddf17e13,2026-09-06T15:42:30.451Z,성공,,accounts/108642176633190765581/locations/10303923359883663937/localPosts/7137082637585725026,"지금 내 폰, 예상 보상 가격은 얼마일까? 9월 KT플라자 기기변경 가이"
KT플라자 문산읍 문산점,987eddf17e13,2026-09-06T15:42:33.522Z,성공,,accounts/108642176633190765581/locations/17155177308939857468/localPosts/2966543553273178577,"지금 내 폰, 예상 보상 가격은 얼마일까? 9월 KT플라자 기기변경 가이"
KT플라자 무실동 원주무실점,987eddf17e13,2026-09-06T15:42:36.902Z,성공,,accounts/108642176633190765581/locations/15424095119148282315/localPosts/5771429376133348833,"지금 내 폰, 예상 보상 가격은 얼마일까? 9월 KT플라자 기기변경 가이"
KT플라자 목동 오목교점,987eddf17e13,2026-09-06T15:42:40.589Z,성공,,accounts/108642176633190765581/locations/7349764839352499971/localPosts/2155273853482656710,"지금 내 폰, 예상 보상 가격은 얼마일까? 9월 KT플라자 기기변경 가이"
KT플라자 목동 먹골역점,987eddf17e13,2026-09-06T15:42:44.378Z,성공,,accounts/108642176633190765581/locations/15443950212207929995/localPosts/211467445575728479,"지금 내 폰, 예상 보상 가격은 얼마일까? 9월 KT플라자 기기변경 가이"
KT플라자 명지동 명지국제신도시점,987eddf17e13,2026-09-06T15:42:48.372Z,성공,,accounts/108642176633190765581/locations/935989135275234272/localPosts/8456898653712079603,"지금 내 폰, 예상 보상 가격은 얼마일까? 9월 KT플라자 기기변경 가이"
KT플라자 명일동 명일역점,987eddf17e13,2026-09-06T15:42:52.097Z,성공,,accounts/108642176633190765581/locations/8467437978996513555/localPosts/4351454091585113393,"지금 내 폰, 예상 보상 가격은 얼마일까? 9월 KT플라자 기기변경 가이"
KT플라자 명륜동 목포역점,987eddf17e13,2026-09-06T15:42:55.436Z,성공,,accounts/108642176633190765581/locations/9603932406788873789/localPosts/3617294826534022812,"지금 내 폰, 예상 보상 가격은 얼마일까? 9월 KT플라자 기기변경 가이"
KT플라자 면목동 면목역점,987eddf17e13,2026-09-06T15:42:58.201Z,성공,,accounts/108642176633190765581/locations/17852713429777343948/localPosts/493065738975183566,"지금 내 폰, 예상 보상 가격은 얼마일까? 9월 KT플라자 기기변경 가이"
KT플라자 매탄동 수원영통구청점,987eddf17e13,2026-09-06T15:43:01.070Z,성공,,accounts/108642176633190765581/locations/1833631088821396333/localPosts/6039921156571736226,"지금 내 폰, 예상 보상 가격은 얼마일까? 9월 KT플라자 기기변경 가이"
KT플라자 망포동 신영통점,987eddf17e13,2026-09-06T15:43:05.474Z,성공,,accounts/108642176633190765581/locations/7570670468921791675/localPosts/956708798084388162,"지금 내 폰, 예상 보상 가격은 얼마일까? 9월 KT플라자 기기변경 가이"
KT플라자 망월동 미사역점,987eddf17e13,2026-09-06T15:43:09.261Z,성공,,accounts/108642176633190765581/locations/8629978019496634804/localPosts/6613170166038692971,"지금 내 폰, 예상 보상 가격은 얼마일까? 9월 KT플라자 기기변경 가이"
KT플라자 마두동 마두역점,987eddf17e13,2026-09-06T15:43:13.357Z,성공,,accounts/108642176633190765581/locations/10431269720934846814/localPosts/7474882588866988483,"지금 내 폰, 예상 보상 가격은 얼마일까? 9월 KT플라자 기기변경 가이"
KT플라자 마곡동 마곡나루역점,987eddf17e13,2026-09-06T15:43:17.248Z,성공,,accounts/108642176633190765581/locations/9655651335491146246/localPosts/3605543085053435426,"지금 내 폰, 예상 보상 가격은 얼마일까? 9월 KT플라자 기기변경 가이"
KT플라자 등촌동 가양역점,987eddf17e13,2026-09-06T15:43:21.038Z,성공,,accounts/108642176633190765581/locations/6786282413328927612/localPosts/9011684236777902672,"지금 내 폰, 예상 보상 가격은 얼마일까? 9월 KT플라자 기기변경 가이"
KT플라자 둔촌동 둔촌역점,987eddf17e13,2026-09-06T15:43:25.133Z,성공,,accounts/108642176633190765581/locations/8037141808264715895/localPosts/1244172214236757382,"지금 내 폰, 예상 보상 가격은 얼마일까? 9월 KT플라자 기기변경 가이"
KT플라자 둔산동 둔산타임월드점,987eddf17e13,2026-09-06T15:43:28.820Z,성공,,accounts/108642176633190765581/locations/599631632244481489/localPosts/9054414447032919695,"지금 내 폰, 예상 보상 가격은 얼마일까? 9월 KT플라자 기기변경 가이"
KT플라자 두류동 감삼역점,987eddf17e13,2026-09-06T15:43:32.915Z,성공,,accounts/108642176633190765581/locations/10459895309541463325/localPosts/2266444622269497000,"지금 내 폰, 예상 보상 가격은 얼마일까? 9월 KT플라자 기기변경 가이"
KT플라자 동천동 동천점,987eddf17e13,2026-09-06T15:43:37.012Z,성공,,accounts/108642176633190765581/locations/14669636094761517424/localPosts/8209494931016522613,"지금 내 폰, 예상 보상 가격은 얼마일까? 9월 KT플라자 기기변경 가이"
KT플라자 동소문동 한성대점,987eddf17e13,2026-09-06T15:43:40.392Z,성공,,accounts/108642176633190765581/locations/13859347615062201880/localPosts/2004566214237917750,"지금 내 폰, 예상 보상 가격은 얼마일까? 9월 KT플라자 기기변경 가이"
KT플라자 동소문동 성신여대점,987eddf17e13,2026-09-06T15:43:44.180Z,성공,,accounts/108642176633190765581/locations/16184072425288371709/localPosts/7783372489143881805,"지금 내 폰, 예상 보상 가격은 얼마일까? 9월 KT플라자 기기변경 가이"
KT플라자 동성로 동성로점,987eddf17e13,2026-09-06T15:43:47.969Z,성공,,accounts/108642176633190765581/locations/407105796127172584/localPosts/7627055693777641997,"지금 내 폰, 예상 보상 가격은 얼마일까? 9월 KT플라자 기기변경 가이"
KT플라자 동부동 경주중앙점,987eddf17e13,2026-09-06T15:43:51.552Z,성공,,accounts/108642176633190765581/locations/15286594190879887634/localPosts/3633937553911616306,"지금 내 폰, 예상 보상 가격은 얼마일까? 9월 KT플라자 기기변경 가이"
KT플라자 동문동 서산중앙점,987eddf17e13,2026-09-06T15:43:56.033Z,성공,,accounts/108642176633190765581/locations/6009580563590914748/localPosts/9181888244155194744,"지금 내 폰, 예상 보상 가격은 얼마일까? 9월 KT플라자 기기변경 가이"
KT플라자 동문동 서산동문점,987eddf17e13,2026-09-06T15:43:59.847Z,성공,,accounts/108642176633190765581/locations/4819572500081978963/localPosts/568043557789396267,"지금 내 폰, 예상 보상 가격은 얼마일까? 9월 KT플라자 기기변경 가이"
KT플라자 동대신점,987eddf17e13,2026-09-06T15:44:02.919Z,성공,,accounts/108642176633190765581/locations/9682821083399635646/localPosts/9118311604106234143,"지금 내 폰, 예상 보상 가격은 얼마일까? 9월 KT플라자 기기변경 가이"
KT플라자 동교동 홍대애드샵플러스점,987eddf17e13,2026-09-06T15:44:05.908Z,성공,,accounts/108642176633190765581/locations/5299556273059948432/localPosts/6757539782206801289,"지금 내 폰, 예상 보상 가격은 얼마일까? 9월 KT플라자 기기변경 가이"
KT플라자 동광양점,987eddf17e13,2026-09-06T15:44:09.473Z,성공,,accounts/108642176633190765581/locations/2890687889470396757/localPosts/3561166405381245111,"지금 내 폰, 예상 보상 가격은 얼마일까? 9월 KT플라자 기기변경 가이"
KT플라자 독산1동 독산씨티렉스점,987eddf17e13,2026-09-06T15:44:13.364Z,성공,,accounts/108642176633190765581/locations/8351926782734731016/localPosts/7466096231217888548,"지금 내 폰, 예상 보상 가격은 얼마일까? 9월 KT플라자 기기변경 가이"
KT플라자 덕계동 양주덕계점,987eddf17e13,2026-09-06T15:44:16.846Z,성공,,accounts/108642176633190765581/locations/7544571193427447227/localPosts/4885001811932562806,"지금 내 폰, 예상 보상 가격은 얼마일까? 9월 KT플라자 기기변경 가이"
KT플라자 대흥동 시네마점,987eddf17e13,2026-09-06T15:44:20.283Z,성공,,accounts/108642176633190765581/locations/4423232267008078835/localPosts/7322590755549124752,"지금 내 폰, 예상 보상 가격은 얼마일까? 9월 KT플라자 기기변경 가이"
KT플라자 대천동 안성중앙점,987eddf17e13,2026-09-06T15:44:24.014Z,성공,,accounts/108642176633190765581/locations/3704887858570807368/localPosts/2407561497330222907,"지금 내 폰, 예상 보상 가격은 얼마일까? 9월 KT플라자 기기변경 가이"
KT플라자 대천동 대천중앙로점,987eddf17e13,2026-09-06T15:44:27.701Z,성공,,accounts/108642176633190765581/locations/10348831812190877373/localPosts/182192738520942903,"지금 내 폰, 예상 보상 가격은 얼마일까? 9월 KT플라자 기기변경 가이"
KT플라자 대천동 대천점,987eddf17e13,2026-09-06T15:44:31.490Z,성공,,accounts/108642176633190765581/locations/17211462350629260475/localPosts/3846687004206091835,"지금 내 폰, 예상 보상 가격은 얼마일까? 9월 KT플라자 기기변경 가이"
KT플라자 대림동 대림역점,987eddf17e13,2026-09-06T15:44:34.768Z,성공,,accounts/108642176633190765581/locations/6518374215239920731/localPosts/4109272451178278589,"지금 내 폰, 예상 보상 가격은 얼마일까? 9월 KT플라자 기기변경 가이"
KT플라자 대동 영남대점,987eddf17e13,2026-09-06T15:44:39.533Z,성공,,accounts/108642176633190765581/locations/3904745476099512075/localPosts/4870067412645827834,"지금 내 폰, 예상 보상 가격은 얼마일까? 9월 KT플라자 기기변경 가이"
KT플라자 당주동 광화문중앙점,987eddf17e13,2026-09-06T15:44:43.265Z,성공,,accounts/108642176633190765581/locations/2610185060497033446/localPosts/9211415010293608797,"지금 내 폰, 예상 보상 가격은 얼마일까? 9월 KT플라자 기기변경 가이"
KT플라자 당산동 영등포구청역점,987eddf17e13,2026-09-06T15:44:47.156Z,성공,,accounts/108642176633190765581/locations/6391858568866318264/localPosts/320946123898894707,"지금 내 폰, 예상 보상 가격은 얼마일까? 9월 KT플라자 기기변경 가이"
KT플라자 당산동 당산점,987eddf17e13,2026-09-06T15:44:50.778Z,성공,,accounts/108642176633190765581/locations/14996988231268738210/localPosts/4951003692563937018,"지금 내 폰, 예상 보상 가격은 얼마일까? 9월 KT플라자 기기변경 가이"
KT플라자 단구동 원주단구점,987eddf17e13,2026-09-06T15:44:53.705Z,성공,,accounts/108642176633190765581/locations/3907826932383191950/localPosts/4259753224626697625,"지금 내 폰, 예상 보상 가격은 얼마일까? 9월 KT플라자 기기변경 가이"
KT플라자 다산동 도농로점,987eddf17e13,2026-09-06T15:44:57.948Z,성공,,accounts/108642176633190765581/locations/15722310100030904463/localPosts/6291306838764003074,"지금 내 폰, 예상 보상 가격은 얼마일까? 9월 KT플라자 기기변경 가이"
KT플라자 다산동 다산신도시점,987eddf17e13,2026-09-06T15:45:01.843Z,성공,,accounts/108642176633190765581/locations/9146439307285927063/localPosts/5721852031628450400,"지금 내 폰, 예상 보상 가격은 얼마일까? 9월 KT플라자 기기변경 가이"
KT플라자 논현로 학동역점,987eddf17e13,2026-09-06T15:45:05.877Z,성공,,accounts/108642176633190765581/locations/9035687793003040996/localPosts/3725261194976561428,"지금 내 폰, 예상 보상 가격은 얼마일까? 9월 KT플라자 기기변경 가이"
KT플라자 노형동 노형점,987eddf17e13,2026-09-06T15:45:09.561Z,성공,,accounts/108642176633190765581/locations/16150756688227059590/localPosts/5441201829152936528,"지금 내 폰, 예상 보상 가격은 얼마일까? 9월 KT플라자 기기변경 가이"
KT플라자 노형동 노형드림점,987eddf17e13,2026-09-06T15:45:13.063Z,성공,,accounts/108642176633190765581/locations/11382289267806730931/localPosts/2590882809530284154,"지금 내 폰, 예상 보상 가격은 얼마일까? 9월 KT플라자 기기변경 가이"
KT플라자 노량진동 노량진점,987eddf17e13,2026-09-06T15:45:17.296Z,성공,,accounts/108642176633190765581/locations/5514815131802300300/localPosts/8077311384952672345,"지금 내 폰, 예상 보상 가격은 얼마일까? 9월 KT플라자 기기변경 가이"
KT플라자 노고산동 신촌역점,987eddf17e13,2026-09-06T15:45:21.052Z,성공,,accounts/108642176633190765581/locations/10553576645061811154/localPosts/5275142849445771292,"지금 내 폰, 예상 보상 가격은 얼마일까? 9월 KT플라자 기기변경 가이"
KT플라자 내서읍 삼계점,987eddf17e13,2026-09-06T15:45:24.943Z,성공,,accounts/108642176633190765581/locations/11232819832708982934/localPosts/6888460207684069444,"지금 내 폰, 예상 보상 가격은 얼마일까? 9월 KT플라자 기기변경 가이"
KT플라자 내발산동 우장산역점,987eddf17e13,2026-09-06T15:45:28.525Z,성공,,accounts/108642176633190765581/locations/6249804238324610998/localPosts/1603955855903789706,"지금 내 폰, 예상 보상 가격은 얼마일까? 9월 KT플라자 기기변경 가이"
KT플라자 남가좌동 명지대사거리점,987eddf17e13,2026-09-06T15:45:32.010Z,성공,,accounts/108642176633190765581/locations/11777982765974686522/localPosts/517801303291921676,"지금 내 폰, 예상 보상 가격은 얼마일까? 9월 KT플라자 기기변경 가이"
KT플라자 나운동 나운점,987eddf17e13,2026-09-06T15:45:35.619Z,성공,,accounts/108642176633190765581/locations/18071816065078373430/localPosts/2091987711323279393,"지금 내 폰, 예상 보상 가격은 얼마일까? 9월 KT플라자 기기변경 가이"
KT플라자 나성동 세종첫마을점,987eddf17e13,2026-09-06T15:45:38.796Z,성공,,accounts/108642176633190765581/locations/15477859993133588832/localPosts/3656307576822424193,"지금 내 폰, 예상 보상 가격은 얼마일까? 9월 KT플라자 기기변경 가이"
KT플라자 김량장동 김량장점,987eddf17e13,2026-09-06T15:45:41.878Z,성공,,accounts/108642176633190765581/locations/5021019434322822393/localPosts/4270928545537087758,"지금 내 폰, 예상 보상 가격은 얼마일까? 9월 KT플라자 기기변경 가이"
KT플라자 금호동 금호동점,987eddf17e13,2026-09-06T15:45:45.422Z,성공,,accounts/108642176633190765581/locations/4931719375082345427/localPosts/6800047396449435373,"지금 내 폰, 예상 보상 가격은 얼마일까? 9월 KT플라자 기기변경 가이"
KT플라자 금촌동 금릉역점,987eddf17e13,2026-09-06T15:45:49.615Z,성공,,accounts/108642176633190765581/locations/5247521556254744457/localPosts/3918311405836245190,"지금 내 폰, 예상 보상 가격은 얼마일까? 9월 KT플라자 기기변경 가이"
KT플라자 구월동 모래내점,987eddf17e13,2026-09-06T15:45:53.183Z,성공,,accounts/108642176633190765581/locations/1143561352872241890/localPosts/6755631009126305199,"지금 내 폰, 예상 보상 가격은 얼마일까? 9월 KT플라자 기기변경 가이"
KT플라자 구월동 구월점,987eddf17e13,2026-09-06T15:45:56.893Z,성공,,accounts/108642176633190765581/locations/8429402546543943831/localPosts/8932274838139414160,"지금 내 폰, 예상 보상 가격은 얼마일까? 9월 KT플라자 기기변경 가이"
KT플라자 구서동 구서역점,987eddf17e13,2026-09-06T15:45:59.964Z,성공,,accounts/108642176633190765581/locations/157291518472505404/localPosts/954709031266016340,"지금 내 폰, 예상 보상 가격은 얼마일까? 9월 KT플라자 기기변경 가이"
KT플라자 구미동 오리점,987eddf17e13,2026-09-06T15:46:03.813Z,성공,,accounts/108642176633190765581/locations/17633893059099113007/localPosts/9095353005298161738,"지금 내 폰, 예상 보상 가격은 얼마일까? 9월 KT플라자 기기변경 가이"
KT플라자 구미동 분당미금역점,987eddf17e13,2026-09-06T15:46:07.747Z,성공,,accounts/108642176633190765581/locations/18330903371147354847/localPosts/8252872007953352904,"지금 내 폰, 예상 보상 가격은 얼마일까? 9월 KT플라자 기기변경 가이"
KT플라자 구로동 구로디지털점,987eddf17e13,2026-09-06T15:46:10.758Z,성공,,accounts/108642176633190765581/locations/11032238047138927787/localPosts/5510509197362205994,"지금 내 폰, 예상 보상 가격은 얼마일까? 9월 KT플라자 기기변경 가이"
KT플라자 구래동 구래점,987eddf17e13,2026-09-06T15:46:13.890Z,성공,,accounts/108642176633190765581/locations/11834015300631427660/localPosts/4547358509767188589,"지금 내 폰, 예상 보상 가격은 얼마일까? 9월 KT플라자 기기변경 가이"
KT플라자 괘법동 사상역점,987eddf17e13,2026-09-06T15:46:17.638Z,성공,,accounts/108642176633190765581/locations/3385211825575463385/localPosts/1876458227042668779,"지금 내 폰, 예상 보상 가격은 얼마일까? 9월 KT플라자 기기변경 가이"
KT플라자 광명동 광명점,987eddf17e13,2026-09-06T15:46:21.613Z,성공,,accounts/108642176633190765581/locations/3290711783566963817/localPosts/4470779057827196530,"지금 내 폰, 예상 보상 가격은 얼마일까? 9월 KT플라자 기기변경 가이"
KT플라자 관평동 테크노점,987eddf17e13,2026-09-06T15:46:24.438Z,성공,,accounts/108642176633190765581/locations/12628224965503727331/localPosts/2247099764964025153,"지금 내 폰, 예상 보상 가격은 얼마일까? 9월 KT플라자 기기변경 가이"
KT플라자 관평동 관평점,987eddf17e13,2026-09-06T15:46:27.918Z,성공,,accounts/108642176633190765581/locations/11242526508589466273/localPosts/7486455751440011989,"지금 내 폰, 예상 보상 가격은 얼마일까? 9월 KT플라자 기기변경 가이"
KT플라자 관저동 관저중로점,987eddf17e13,2026-09-06T15:46:31.401Z,성공,,accounts/108642176633190765581/locations/1520604034270410295/localPosts/4456873614032165030,"지금 내 폰, 예상 보상 가격은 얼마일까? 9월 KT플라자 기기변경 가이"
KT플라자 고현동 고현점,987eddf17e13,2026-09-06T15:46:34.985Z,성공,,accounts/108642176633190765581/locations/1339355563132997739/localPosts/2564726513779299176,"지금 내 폰, 예상 보상 가격은 얼마일까? 9월 KT플라자 기기변경 가이"
KT플라자 고잔동 안산중앙역점,987eddf17e13,2026-09-06T15:46:38.569Z,성공,,accounts/108642176633190765581/locations/7685000039929240170/localPosts/7174049311321401705,"지금 내 폰, 예상 보상 가격은 얼마일까? 9월 KT플라자 기기변경 가이"
KT플라자 거제동 사직종합운동장점,987eddf17e13,2026-09-06T15:46:42.255Z,성공,,accounts/108642176633190765581/locations/68358057139349867/localPosts/2494690980283734410,"지금 내 폰, 예상 보상 가격은 얼마일까? 9월 KT플라자 기기변경 가이"
KT플라자 감삼동 죽전점,987eddf17e13,2026-09-06T15:46:45.224Z,성공,,accounts/108642176633190765581/locations/5896421977033509373/localPosts/941792106561370941,"지금 내 폰, 예상 보상 가격은 얼마일까? 9월 KT플라자 기기변경 가이"
KT플라자 가좌동 가좌점,987eddf17e13,2026-09-06T15:46:48.296Z,성공,,accounts/108642176633190765581/locations/13487768559596696589/localPosts/4419428743236991851,"지금 내 폰, 예상 보상 가격은 얼마일까? 9월 KT플라자 기기변경 가이"
KT플라자 가오동 가오점,987eddf17e13,2026-09-06T15:46:51.573Z,성공,,accounts/108642176633190765581/locations/9171218801318082779/localPosts/6764958333625729354,"지금 내 폰, 예상 보상 가격은 얼마일까? 9월 KT플라자 기기변경 가이"
KT플라자 가경동 가경점,987eddf17e13,2026-09-06T15:46:54.544Z,성공,,accounts/108642176633190765581/locations/10631995688201630175/localPosts/6392411909656426580,"지금 내 폰, 예상 보상 가격은 얼마일까? 9월 KT플라자 기기변경 가이"
KT플라자 원천동 수원매탄점,987eddf17e13,2026-09-06T15:46:57.820Z,성공,,accounts/111916734653712808618/locations/4391430698929883834/localPosts/179968964534178692,"지금 내 폰, 예상 보상 가격은 얼마일까? 9월 KT플라자 기기변경 가이"
KT플라자 후평동 후평점,a606bc102c3a,2026-09-10T06:11:01.964Z,성공,,accounts/108642176633190765581/locations/14679758014772331686/localPosts/3398750498266434894,아이폰18 프로 사전예약은 어디에서 할 수 있나요? 📱 아이폰18 프로
KT플라자 효자동 포항효자점,a606bc102c3a,2026-09-10T06:11:05.917Z,성공,,accounts/108642176633190765581/locations/6407641898040445411/localPosts/6345496024933812690,아이폰18 프로 사전예약은 어디에서 할 수 있나요? 📱 아이폰18 프로
KT플라자 황성동 경주황성점,a606bc102c3a,2026-09-10T06:11:10.219Z,성공,,accounts/108642176633190765581/locations/17250835861006703469/localPosts/1491731290384627872,아이폰18 프로 사전예약은 어디에서 할 수 있나요? 📱 아이폰18 프로
KT플라자 황금동 황금점,a606bc102c3a,2026-09-10T06:11:14.384Z,성공,,accounts/108642176633190765581/locations/9400654905815085010/localPosts/7966941898235172364,아이폰18 프로 사전예약은 어디에서 할 수 있나요? 📱 아이폰18 프로
KT플라자 황금동 충장점,a606bc102c3a,2026-09-10T06:11:18.307Z,성공,,accounts/108642176633190765581/locations/3792278583415984375/localPosts/769970215975687694,아이폰18 프로 사전예약은 어디에서 할 수 있나요? 📱 아이폰18 프로
KT플라자 화정동 화정점,a606bc102c3a,2026-09-10T06:11:22.608Z,성공,,accounts/108642176633190765581/locations/5457506983449971471/localPosts/7247837348102766799,아이폰18 프로 사전예약은 어디에서 할 수 있나요? 📱 아이폰18 프로
KT플라자 화정동 화정역점,a606bc102c3a,2026-09-10T06:11:26.603Z,성공,,accounts/108642176633190765581/locations/1890829231206963686/localPosts/5357874193229351511,아이폰18 프로 사전예약은 어디에서 할 수 있나요? 📱 아이폰18 프로
KT플라자 화양동 건대입구역점,a606bc102c3a,2026-09-10T06:11:30.802Z,성공,,accounts/108642176633190765581/locations/14030451650569580504/localPosts/916825655102523075,아이폰18 프로 사전예약은 어디에서 할 수 있나요? 📱 아이폰18 프로
KT플라자 화서동 화서점,a606bc102c3a,2026-09-10T06:11:34.449Z,성공,,accounts/108642176633190765581/locations/7988136947416763894/localPosts/8974087351958301508,아이폰18 프로 사전예약은 어디에서 할 수 있나요? 📱 아이폰18 프로
KT플라자 화봉동 화봉점,a606bc102c3a,2026-09-10T06:11:38.254Z,성공,,accounts/108642176633190765581/locations/14916481644681630407/localPosts/5598651740944518062,아이폰18 프로 사전예약은 어디에서 할 수 있나요? 📱 아이폰18 프로
KT플라자 화명동 화명역점,a606bc102c3a,2026-09-10T06:11:41.809Z,성공,,accounts/108642176633190765581/locations/1335443214465841007/localPosts/755136531422385174,아이폰18 프로 사전예약은 어디에서 할 수 있나요? 📱 아이폰18 프로
KT플라자 화곡동 화곡역점,a606bc102c3a,2026-09-10T06:11:45.981Z,성공,,accounts/108642176633190765581/locations/16325765893147519724/localPosts/2448111969119666218,아이폰18 프로 사전예약은 어디에서 할 수 있나요? 📱 아이폰18 프로
KT플라자 화곡동 까치산역점,a606bc102c3a,2026-09-10T06:11:49.746Z,성공,,accounts/108642176633190765581/locations/5547272474205302554/localPosts/6595224364703564532,아이폰18 프로 사전예약은 어디에서 할 수 있나요? 📱 아이폰18 프로
KT플라자 홍천읍 홍천중앙점,a606bc102c3a,2026-09-10T06:11:53.781Z,성공,,accounts/108642176633190765581/locations/1640640919619216889/localPosts/7504523677891360199,아이폰18 프로 사전예약은 어디에서 할 수 있나요? 📱 아이폰18 프로
KT플라자 홍제동 강릉유천점,a606bc102c3a,2026-09-10T06:11:57.937Z,성공,,accounts/108642176633190765581/locations/13647753794735043174/localPosts/421400175694421457,아이폰18 프로 사전예약은 어디에서 할 수 있나요? 📱 아이폰18 프로
KT플라자 호계동 호계점,a606bc102c3a,2026-09-10T06:12:01.921Z,성공,,accounts/108642176633190765581/locations/4360513238648410651/localPosts/9052808048536843312,아이폰18 프로 사전예약은 어디에서 할 수 있나요? 📱 아이폰18 프로
KT플라자 한강로 신용산역점,a606bc102c3a,2026-09-10T06:12:06.115Z,성공,,accounts/108642176633190765581/locations/16582160048976189055/localPosts/9097179362340531194,아이폰18 프로 사전예약은 어디에서 할 수 있나요? 📱 아이폰18 프로
KT플라자 학동 학동점,a606bc102c3a,2026-09-10T06:12:10.019Z,성공,,accounts/108642176633190765581/locations/4186307716344891909/localPosts/8295284453539975579,아이폰18 프로 사전예약은 어디에서 할 수 있나요? 📱 아이폰18 프로
KT플라자 하안동 하안점,a606bc102c3a,2026-09-10T06:12:14.285Z,성공,,accounts/108642176633190765581/locations/2749315110970479972/localPosts/3619689193228268098,아이폰18 프로 사전예약은 어디에서 할 수 있나요? 📱 아이폰18 프로
KT플라자 풍덕천동 수지구청점,a606bc102c3a,2026-09-10T06:12:18.019Z,성공,,accounts/108642176633190765581/locations/14325198722968556626/localPosts/7989952280076455257,아이폰18 프로 사전예약은 어디에서 할 수 있나요? 📱 아이폰18 프로
KT플라자 평화동 평화점,a606bc102c3a,2026-09-10T06:12:22.002Z,성공,,accounts/108642176633190765581/locations/17314336504475239235/localPosts/2002988665951146531,아이폰18 프로 사전예약은 어디에서 할 수 있나요? 📱 아이폰18 프로
KT플라자 평화동 김천역점,a606bc102c3a,2026-09-10T06:12:26.303Z,성공,,accounts/108642176633190765581/locations/15731983171416500680/localPosts/3468384973828614095,아이폰18 프로 사전예약은 어디에서 할 수 있나요? 📱 아이폰18 프로
KT플라자 평택동 평택역점,a606bc102c3a,2026-09-10T06:12:30.295Z,성공,,accounts/108642176633190765581/locations/4810112136449186616/localPosts/4133359481338504778,아이폰18 프로 사전예약은 어디에서 할 수 있나요? 📱 아이폰18 프로
KT플라자 탄방동 문정로점,a606bc102c3a,2026-09-10T06:12:35.006Z,성공,,accounts/108642176633190765581/locations/7386865973735279668/localPosts/4547584024656167006,아이폰18 프로 사전예약은 어디에서 할 수 있나요? 📱 아이폰18 프로
KT플라자 침산동 침산네거리점,a606bc102c3a,2026-09-10T06:12:39.409Z,성공,,accounts/108642176633190765581/locations/3616252759491746127/localPosts/5675238060494962643,아이폰18 프로 사전예약은 어디에서 할 수 있나요? 📱 아이폰18 프로
KT플라자 치평동 상무점,a606bc102c3a,2026-09-10T06:12:42.892Z,성공,,accounts/108642176633190765581/locations/1815050019925689016/localPosts/4691638177675906812,아이폰18 프로 사전예약은 어디에서 할 수 있나요? 📱 아이폰18 프로
KT플라자 충인동 충주충인점,a606bc102c3a,2026-09-10T06:12:46.372Z,성공,,accounts/108642176633190765581/locations/4126679517337293636/localPosts/2547723775389513784,아이폰18 프로 사전예약은 어디에서 할 수 있나요? 📱 아이폰18 프로
KT플라자 충무동 여수충무점,a606bc102c3a,2026-09-10T06:12:49.862Z,성공,,accounts/108642176633190765581/locations/7757350751261421761/localPosts/3746616400220137551,아이폰18 프로 사전예약은 어디에서 할 수 있나요? 📱 아이폰18 프로
KT플라자 충무공동 진주혁신점,a606bc102c3a,2026-09-10T06:12:53.642Z,성공,,accounts/108642176633190765581/locations/17434943185661212637/localPosts/2107965358204188759,아이폰18 프로 사전예약은 어디에서 할 수 있나요? 📱 아이폰18 프로
KT플라자 청학동 연수청학점,a606bc102c3a,2026-09-10T06:12:57.294Z,성공,,accounts/108642176633190765581/locations/438761619316423484/localPosts/8039325875283616351,아이폰18 프로 사전예약은 어디에서 할 수 있나요? 📱 아이폰18 프로
KT플라자 청라동 청라커낼웨이점,a606bc102c3a,2026-09-10T06:13:01.277Z,성공,,accounts/108642176633190765581/locations/14905393900761144828/localPosts/7215396924014712989,아이폰18 프로 사전예약은 어디에서 할 수 있나요? 📱 아이폰18 프로
KT플라자 청당동 청수점,a606bc102c3a,2026-09-10T06:13:05.332Z,성공,,accounts/108642176633190765581/locations/16346399464056634091/localPosts/4971813076076962887,아이폰18 프로 사전예약은 어디에서 할 수 있나요? 📱 아이폰18 프로
KT플라자 철산동 철산점,a606bc102c3a,2026-09-10T06:13:09.292Z,성공,,accounts/108642176633190765581/locations/10301806896639057525/localPosts/5348433049257987320,아이폰18 프로 사전예약은 어디에서 할 수 있나요? 📱 아이폰18 프로
KT플라자 천호동 천호점,a606bc102c3a,2026-09-10T06:13:13.098Z,성공,,accounts/108642176633190765581/locations/3719143189620177718/localPosts/7715120436745267020,아이폰18 프로 사전예약은 어디에서 할 수 있나요? 📱 아이폰18 프로
KT플라자 천곡동 동해천곡점,a606bc102c3a,2026-09-10T06:13:17.194Z,성공,,accounts/108642176633190765581/locations/15893883883820936602/localPosts/7512855727600929538,아이폰18 프로 사전예약은 어디에서 할 수 있나요? 📱 아이폰18 프로
KT플라자 창선동 광복점,a606bc102c3a,2026-09-10T06:13:20.779Z,성공,,accounts/108642176633190765581/locations/11927153679252357435/localPosts/1642857592397942452,아이폰18 프로 사전예약은 어디에서 할 수 있나요? 📱 아이폰18 프로
KT플라자 진평동 진평점,a606bc102c3a,2026-09-10T06:13:24.715Z,성공,,accounts/108642176633190765581/locations/12014407716662006236/localPosts/912897321348060560,아이폰18 프로 사전예약은 어디에서 할 수 있나요? 📱 아이폰18 프로
KT플라자 진접읍 진접점,a606bc102c3a,2026-09-10T06:13:28.652Z,성공,,accounts/108642176633190765581/locations/9376824440963003018/localPosts/2696816605844426661,아이폰18 프로 사전예약은 어디에서 할 수 있나요? 📱 아이폰18 프로
KT플라자 진관동 구파발점,a606bc102c3a,2026-09-10T06:13:32.760Z,성공,,accounts/108642176633190765581/locations/5317285937417557056/localPosts/1441705362100641594,아이폰18 프로 사전예약은 어디에서 할 수 있나요? 📱 아이폰18 프로
KT플라자 지행동 지행역점,a606bc102c3a,2026-09-10T06:13:36.715Z,성공,,accounts/108642176633190765581/locations/7009252136836848615/localPosts/2824628099353729091,아이폰18 프로 사전예약은 어디에서 할 수 있나요? 📱 아이폰18 프로
KT플라자 지족동 노은점,a606bc102c3a,2026-09-10T06:13:41.523Z,성공,,accounts/108642176633190765581/locations/6719794570649191600/localPosts/8049513046639213612,아이폰18 프로 사전예약은 어디에서 할 수 있나요? 📱 아이폰18 프로
KT플라자 지산동 지산점,a606bc102c3a,2026-09-10T06:13:45.497Z,성공,,accounts/108642176633190765581/locations/15962511623606088271/localPosts/3362843335804585284,아이폰18 프로 사전예약은 어디에서 할 수 있나요? 📱 아이폰18 프로
KT플라자 중앙동 과천점,a606bc102c3a,2026-09-10T06:13:50.065Z,성공,,accounts/108642176633190765581/locations/12578209971413070652/localPosts/6905008188308711395,아이폰18 프로 사전예약은 어디에서 할 수 있나요? 📱 아이폰18 프로
KT플라자 중안동 진주중안점,a606bc102c3a,2026-09-10T06:13:53.953Z,성공,,accounts/108642176633190765581/locations/846471987939808355/localPosts/6070197659018053827,아이폰18 프로 사전예약은 어디에서 할 수 있나요? 📱 아이폰18 프로
KT플라자 중부동 양산이마트점,a606bc102c3a,2026-09-10T06:13:58.462Z,성공,,accounts/108642176633190765581/locations/11428304028647370496/localPosts/8963551807249858271,아이폰18 프로 사전예약은 어디에서 할 수 있나요? 📱 아이폰18 프로
KT플라자 중부동 양산남부시장점,a606bc102c3a,2026-09-10T06:14:02.558Z,성공,,accounts/108642176633190765581/locations/12290869090008137712/localPosts/3806555438351322530,아이폰18 프로 사전예약은 어디에서 할 수 있나요? 📱 아이폰18 프로
KT플라자 중계동 중계아울렛점,a606bc102c3a,2026-09-10T06:14:07.063Z,성공,,accounts/108642176633190765581/locations/2073902413180689173/localPosts/9181442360301409459,아이폰18 프로 사전예약은 어디에서 할 수 있나요? 📱 아이폰18 프로
KT플라자 중계동 상계역점,a606bc102c3a,2026-09-10T06:14:11.233Z,성공,,accounts/108642176633190765581/locations/16122283190336278353/localPosts/303213729029254789,아이폰18 프로 사전예약은 어디에서 할 수 있나요? 📱 아이폰18 프로
KT플라자 주월동 백운광장점,a606bc102c3a,2026-09-10T06:14:15.526Z,성공,,accounts/108642176633190765581/locations/17958576087656834877/localPosts/5022889943459350782,아이폰18 프로 사전예약은 어디에서 할 수 있나요? 📱 아이폰18 프로
KT플라자 주안동 석바위점,a606bc102c3a,2026-09-10T06:14:19.250Z,성공,,accounts/108642176633190765581/locations/6782102280278858283/localPosts/2899239458923229367,아이폰18 프로 사전예약은 어디에서 할 수 있나요? 📱 아이폰18 프로
KT플라자 좌동 해운대장산역점,a606bc102c3a,2026-09-10T06:14:22.936Z,성공,,accounts/108642176633190765581/locations/11680892997642968176/localPosts/1158820341629002629,아이폰18 프로 사전예약은 어디에서 할 수 있나요? 📱 아이폰18 프로
KT플라자 종로 종각점,a606bc102c3a,2026-09-10T06:14:26.522Z,성공,,accounts/108642176633190765581/locations/534415485613054700/localPosts/1493805929427693947,아이폰18 프로 사전예약은 어디에서 할 수 있나요? 📱 아이폰18 프로
KT플라자 조례동 조례점,a606bc102c3a,2026-09-10T06:14:31.333Z,성공,,accounts/108642176633190765581/locations/2682587988287716445/localPosts/8951729389552558945,아이폰18 프로 사전예약은 어디에서 할 수 있나요? 📱 아이폰18 프로
KT플라자 정자동 정자역점,a606bc102c3a,2026-09-10T06:14:35.327Z,성공,,accounts/108642176633190765581/locations/1485108101238970287/localPosts/4769907227724699710,아이폰18 프로 사전예약은 어디에서 할 수 있나요? 📱 아이폰18 프로
KT플라자 정릉동 정릉점,a606bc102c3a,2026-09-10T06:14:39.761Z,성공,,accounts/108642176633190765581/locations/15015159007431041948/localPosts/6081805429768171933,아이폰18 프로 사전예약은 어디에서 할 수 있나요? 📱 아이폰18 프로
KT플라자 정관면 정관로점,a606bc102c3a,2026-09-10T06:14:43.621Z,성공,,accounts/108642176633190765581/locations/4174919782182987283/localPosts/3505010502950926615,아이폰18 프로 사전예약은 어디에서 할 수 있나요? 📱 아이폰18 프로
KT플라자 전하동 전하아이파크점,a606bc102c3a,2026-09-10T06:14:47.818Z,성공,,accounts/108642176633190765581/locations/11696664013097109248/localPosts/4978160166384132807,아이폰18 프로 사전예약은 어디에서 할 수 있나요? 📱 아이폰18 프로
KT플라자 전포동 전포카페거리점,a606bc102c3a,2026-09-10T06:14:52.019Z,성공,,accounts/108642176633190765581/locations/4795381905295579712/localPosts/7474452990735730616,아이폰18 프로 사전예약은 어디에서 할 수 있나요? 📱 아이폰18 프로
KT플라자 장항동 일산점,a606bc102c3a,2026-09-10T06:14:55.846Z,성공,,accounts/108642176633190765581/locations/9449119526178330460/localPosts/3860030558067581168,아이폰18 프로 사전예약은 어디에서 할 수 있나요? 📱 아이폰18 프로
KT플라자 장지동 위례점,a606bc102c3a,2026-09-10T06:14:59.289Z,성공,,accounts/108642176633190765581/locations/2206952876530185852/localPosts/6830855909117016728,아이폰18 프로 사전예약은 어디에서 할 수 있나요? 📱 아이폰18 프로
KT플라자 잠실동 신천역점,a606bc102c3a,2026-09-10T06:15:03.487Z,성공,,accounts/108642176633190765581/locations/874109905254404761/localPosts/2927723897502157754,아이폰18 프로 사전예약은 어디에서 할 수 있나요? 📱 아이폰18 프로
KT플라자 자양동 자양번영로점,a606bc102c3a,2026-09-10T06:15:08.625Z,성공,,accounts/108642176633190765581/locations/3570125163871814230/localPosts/9179165878014013641,아이폰18 프로 사전예약은 어디에서 할 수 있나요? 📱 아이폰18 프로
KT플라자 임당동 강릉임당점,a606bc102c3a,2026-09-10T06:15:12.183Z,성공,,accounts/108642176633190765581/locations/17948903714277567955/localPosts/3450536718786884316,아이폰18 프로 사전예약은 어디에서 할 수 있나요? 📱 아이폰18 프로
KT플라자 인후동 인후점,a606bc102c3a,2026-09-10T06:15:16.696Z,성공,,accounts/108642176633190765581/locations/4469564943106925458/localPosts/2237802616847752594,아이폰18 프로 사전예약은 어디에서 할 수 있나요? 📱 아이폰18 프로
KT플라자 인창동 구리리맥스점,a606bc102c3a,2026-09-10T06:15:21.041Z,성공,,accounts/108642176633190765581/locations/14393268195267926718/localPosts/4663112595020002584,아이폰18 프로 사전예약은 어디에서 할 수 있나요? 📱 아이폰18 프로
KT플라자 인의동 구미인동점,a606bc102c3a,2026-09-10T06:15:24.839Z,성공,,accounts/108642176633190765581/locations/7980274348023100122/localPosts/487511518095512643,아이폰18 프로 사전예약은 어디에서 할 수 있나요? 📱 아이폰18 프로
KT플라자 인계동 인계점,a606bc102c3a,2026-09-10T06:15:29.209Z,성공,,accounts/108642176633190765581/locations/1228610560245766302/localPosts/5879056852949465593,아이폰18 프로 사전예약은 어디에서 할 수 있나요? 📱 아이폰18 프로
KT플라자 이문동 외대역점,a606bc102c3a,2026-09-10T06:15:33.252Z,성공,,accounts/108642176633190765581/locations/14343776270384022169/localPosts/8104534283707210997,아이폰18 프로 사전예약은 어디에서 할 수 있나요? 📱 아이폰18 프로
KT플라자 이도동 제주중앙점,a606bc102c3a,2026-09-10T06:15:37.224Z,성공,,accounts/108642176633190765581/locations/10710654450785617433/localPosts/6916683989336674376,아이폰18 프로 사전예약은 어디에서 할 수 있나요? 📱 아이폰18 프로
KT플라자 의정부동 의정부로데오점,a606bc102c3a,2026-09-10T06:15:41.273Z,성공,,accounts/108642176633190765581/locations/13101050925595285299/localPosts/2260322240685580048,아이폰18 프로 사전예약은 어디에서 할 수 있나요? 📱 아이폰18 프로
KT플라자 읍내동 당진중앙점,a606bc102c3a,2026-09-10T06:15:45.237Z,성공,,accounts/108642176633190765581/locations/1036161084324455135/localPosts/6936418796316983358,아이폰18 프로 사전예약은 어디에서 할 수 있나요? 📱 아이폰18 프로
KT플라자 은행동 은행점,a606bc102c3a,2026-09-10T06:15:49.466Z,성공,,accounts/108642176633190765581/locations/12573998026833518569/localPosts/1789482971763864700,아이폰18 프로 사전예약은 어디에서 할 수 있나요? 📱 아이폰18 프로
KT플라자 율하동 율하점,a606bc102c3a,2026-09-10T06:15:52.844Z,성공,,accounts/108642176633190765581/locations/2599274305348421779/localPosts/8334109525485069038,아이폰18 프로 사전예약은 어디에서 할 수 있나요? 📱 아이폰18 프로
KT플라자 율곡동 김천혁신점,a606bc102c3a,2026-09-10T06:15:57.862Z,성공,,accounts/108642176633190765581/locations/169748189135455055/localPosts/6008206488599162898,아이폰18 프로 사전예약은 어디에서 할 수 있나요? 📱 아이폰18 프로
KT플라자 월성동 신월성점,a606bc102c3a,2026-09-10T06:16:02.297Z,성공,,accounts/108642176633190765581/locations/5729141935585344325/localPosts/5825272488733257675,아이폰18 프로 사전예약은 어디에서 할 수 있나요? 📱 아이폰18 프로
KT플라자 원흥동 원흥역점,a606bc102c3a,2026-09-10T06:16:06.670Z,성공,,accounts/108642176633190765581/locations/9325810004194286484/localPosts/1370445122056729877,아이폰18 프로 사전예약은 어디에서 할 수 있나요? 📱 아이폰18 프로
KT플라자 원평동 구미역점,a606bc102c3a,2026-09-10T06:16:10.254Z,성공,,accounts/108642176633190765581/locations/359843654004903222/localPosts/3749260246795680431,아이폰18 프로 사전예약은 어디에서 할 수 있나요? 📱 아이폰18 프로
KT플라자 원종동 원종점,a606bc102c3a,2026-09-10T06:16:14.143Z,성공,,accounts/108642176633190765581/locations/14454829533243775479/localPosts/993039592500621486,아이폰18 프로 사전예약은 어디에서 할 수 있나요? 📱 아이폰18 프로
KT플라자 원곡동 안산역점,a606bc102c3a,2026-09-10T06:16:18.639Z,성공,,accounts/108642176633190765581/locations/12317171870774471515/localPosts/456521285875022463,아이폰18 프로 사전예약은 어디에서 할 수 있나요? 📱 아이폰18 프로
KT플라자 운흥동 안동홈플러스점,a606bc102c3a,2026-09-10T06:16:22.256Z,성공,,accounts/108642176633190765581/locations/8314786293213493170/localPosts/2163152636788942197,아이폰18 프로 사전예약은 어디에서 할 수 있나요? 📱 아이폰18 프로
KT플라자 운양동 운양점,a606bc102c3a,2026-09-10T06:16:26.223Z,성공,,accounts/108642176633190765581/locations/1424757506742019768/localPosts/2434654555987214324,아이폰18 프로 사전예약은 어디에서 할 수 있나요? 📱 아이폰18 프로
KT플라자 우동 해운대역점,a606bc102c3a,2026-09-10T06:16:30.732Z,성공,,accounts/108642176633190765581/locations/16464657263562312933/localPosts/2858218159720477457,아이폰18 프로 사전예약은 어디에서 할 수 있나요? 📱 아이폰18 프로
KT플라자 용현동 용현점,a606bc102c3a,2026-09-10T06:16:35.060Z,성공,,accounts/108642176633190765581/locations/8364272864677512293/localPosts/6834678078984675928,아이폰18 프로 사전예약은 어디에서 할 수 있나요? 📱 아이폰18 프로
KT플라자 용해동 용해점,a606bc102c3a,2026-09-10T06:16:38.810Z,성공,,accounts/108642176633190765581/locations/9805327075256712560/localPosts/1965293602503342107,아이폰18 프로 사전예약은 어디에서 할 수 있나요? 📱 아이폰18 프로
KT플라자 외동 김해외동점,a606bc102c3a,2026-09-10T06:16:43.047Z,성공,,accounts/108642176633190765581/locations/18070371153448289434/localPosts/8577461540525389228,아이폰18 프로 사전예약은 어디에서 할 수 있나요? 📱 아이폰18 프로
KT플라자 온천동 온양온천점,a606bc102c3a,2026-09-10T06:16:47.190Z,성공,,accounts/108642176633190765581/locations/7929296102600253249/localPosts/3764942756450517284,아이폰18 프로 사전예약은 어디에서 할 수 있나요? 📱 아이폰18 프로
KT플라자 온의동 온의점,a606bc102c3a,2026-09-10T06:16:51.107Z,성공,,accounts/108642176633190765581/locations/6540768868554798149/localPosts/2699995945923015845,아이폰18 프로 사전예약은 어디에서 할 수 있나요? 📱 아이폰18 프로
KT플라자 옥련동 옥련점,a606bc102c3a,2026-09-10T06:16:55.163Z,성공,,accounts/108642176633190765581/locations/12457115937793431800/localPosts/2469490663003221564,아이폰18 프로 사전예약은 어디에서 할 수 있나요? 📱 아이폰18 프로
KT플라자 옥동 안동점,a606bc102c3a,2026-09-10T06:16:58.505Z,성공,,accounts/108642176633190765581/locations/13804177221884165586/localPosts/6506308337335836528,아이폰18 프로 사전예약은 어디에서 할 수 있나요? 📱 아이폰18 프로
KT플라자 옥동 안동옥동점,a606bc102c3a,2026-09-10T06:17:01.426Z,성공,,accounts/108642176633190765581/locations/8730222295573490781/localPosts/7843848635251365969,아이폰18 프로 사전예약은 어디에서 할 수 있나요? 📱 아이폰18 프로
KT플라자 옥길동 퀸즈파크옥길점,a606bc102c3a,2026-09-10T06:17:04.972Z,성공,,accounts/108642176633190765581/locations/10680970707419721997/localPosts/5459988423921533206,아이폰18 프로 사전예약은 어디에서 할 수 있나요? 📱 아이폰18 프로
KT플라자 옥계동 구미옥계점,a606bc102c3a,2026-09-10T06:17:09.110Z,성공,,accounts/108642176633190765581/locations/15375625964454396039/localPosts/7007765686348971175,아이폰18 프로 사전예약은 어디에서 할 수 있나요? 📱 아이폰18 프로
KT플라자 오천읍 오천문덕점,a606bc102c3a,2026-09-10T06:17:13.555Z,성공,,accounts/108642176633190765581/locations/618462519110469287/localPosts/2317212545111253686,아이폰18 프로 사전예약은 어디에서 할 수 있나요? 📱 아이폰18 프로
KT플라자 오산동 오산중앙점,a606bc102c3a,2026-09-10T06:17:18.339Z,성공,,accounts/108642176633190765581/locations/16196504821435095129/localPosts/8762724919316928972,아이폰18 프로 사전예약은 어디에서 할 수 있나요? 📱 아이폰18 프로
KT플라자 오산동 동탄역점,a606bc102c3a,2026-09-10T06:17:22.336Z,성공,,accounts/108642176633190765581/locations/7072098442671577078/localPosts/2092844846699626225,아이폰18 프로 사전예약은 어디에서 할 수 있나요? 📱 아이폰18 프로
KT플라자 영통동 영통역점,a606bc102c3a,2026-09-10T06:17:25.843Z,성공,,accounts/108642176633190765581/locations/13516507711200393766/localPosts/2276357817865508205,아이폰18 프로 사전예약은 어디에서 할 수 있나요? 📱 아이폰18 프로
KT플라자 영등동 영등점,a606bc102c3a,2026-09-10T06:17:29.844Z,성공,,accounts/108642176633190765581/locations/14775089244822418098/localPosts/7833575634693980701,아이폰18 프로 사전예약은 어디에서 할 수 있나요? 📱 아이폰18 프로
KT플라자 연향동 순천연향점,a606bc102c3a,2026-09-10T06:17:34.119Z,성공,,accounts/108642176633190765581/locations/15256108307085886098/localPosts/463381007169601337,아이폰18 프로 사전예약은 어디에서 할 수 있나요? 📱 아이폰18 프로
KT플라자 역촌동 응암역점,a606bc102c3a,2026-09-10T06:17:37.908Z,성공,,accounts/108642176633190765581/locations/14071034172423974279/localPosts/2429239564021200501,아이폰18 프로 사전예약은 어디에서 할 수 있나요? 📱 아이폰18 프로
KT플라자 역삼동 선릉사거리점,a606bc102c3a,2026-09-10T06:17:41.394Z,성공,,accounts/108642176633190765581/locations/8226766717197457989/localPosts/5690306611912181292,아이폰18 프로 사전예약은 어디에서 할 수 있나요? 📱 아이폰18 프로
KT플라자 여의도동 여의도역점,a606bc102c3a,2026-09-10T06:17:45.838Z,성공,,accounts/108642176633190765581/locations/9870932454550941728/localPosts/4433446936837302355,아이폰18 프로 사전예약은 어디에서 할 수 있나요? 📱 아이폰18 프로
KT플라자 양재동 양재시민의숲점,a606bc102c3a,2026-09-10T06:17:49.598Z,성공,,accounts/108642176633190765581/locations/296193895315054058/localPosts/7636037409529098894,아이폰18 프로 사전예약은 어디에서 할 수 있나요? 📱 아이폰18 프로
KT플라자 양산동 광주양산점,a606bc102c3a,2026-09-10T06:17:52.859Z,성공,,accounts/108642176633190765581/locations/9718710816260831050/localPosts/6339069044909591530,아이폰18 프로 사전예약은 어디에서 할 수 있나요? 📱 아이폰18 프로
KT플라자 안양동 안양일번가점,a606bc102c3a,2026-09-10T06:17:56.393Z,성공,,accounts/108642176633190765581/locations/1040831529454804526/localPosts/8574450612798011058,아이폰18 프로 사전예약은 어디에서 할 수 있나요? 📱 아이폰18 프로
KT플라자 아름동 세종중앙점,a606bc102c3a,2026-09-10T06:18:00.334Z,성공,,accounts/108642176633190765581/locations/8750969626776133062/localPosts/5874128021932021360,아이폰18 프로 사전예약은 어디에서 할 수 있나요? 📱 아이폰18 프로
KT플라자 심곡동 부천역점,a606bc102c3a,2026-09-10T06:18:03.919Z,성공,,accounts/108642176633190765581/locations/15963198675316330388/localPosts/353093779708597711,아이폰18 프로 사전예약은 어디에서 할 수 있나요? 📱 아이폰18 프로
KT플라자 신정동 신정네거리역점,a606bc102c3a,2026-09-10T06:18:07.400Z,성공,,accounts/108642176633190765581/locations/15281591921356247303/localPosts/6875663460742795165,아이폰18 프로 사전예약은 어디에서 할 수 있나요? 📱 아이폰18 프로
KT플라자 신정동 목동역점,a606bc102c3a,2026-09-10T06:18:11.489Z,성공,,accounts/108642176633190765581/locations/15038764203885830988/localPosts/2828932758183410437,아이폰18 프로 사전예약은 어디에서 할 수 있나요? 📱 아이폰18 프로
KT플라자 신장동 하남신장점,a606bc102c3a,2026-09-10T06:18:15.388Z,성공,,accounts/108642176633190765581/locations/12702388446513576664/localPosts/5376067917822185441,아이폰18 프로 사전예약은 어디에서 할 수 있나요? 📱 아이폰18 프로
KT플라자 신음동 김천중앙점,a606bc102c3a,2026-09-10T06:18:19.382Z,성공,,accounts/108642176633190765581/locations/2534398099051041935/localPosts/4412923110835307265,아이폰18 프로 사전예약은 어디에서 할 수 있나요? 📱 아이폰18 프로
KT플라자 신암동 동구청점,a606bc102c3a,2026-09-10T06:18:23.004Z,성공,,accounts/108642176633190765581/locations/8406588292354341225/localPosts/8038450787275129231,아이폰18 프로 사전예약은 어디에서 할 수 있나요? 📱 아이폰18 프로
KT플라자 신사동 신사역점,a606bc102c3a,2026-09-10T06:18:27.777Z,성공,,accounts/108642176633190765581/locations/16055758216551097902/localPosts/4968327421335105604,아이폰18 프로 사전예약은 어디에서 할 수 있나요? 📱 아이폰18 프로
KT플라자 신부동 만남로점,a606bc102c3a,2026-09-10T06:18:32.181Z,성공,,accounts/108642176633190765581/locations/3390709140278828307/localPosts/7345481052731664597,아이폰18 프로 사전예약은 어디에서 할 수 있나요? 📱 아이폰18 프로
KT플라자 신매동 시지점,a606bc102c3a,2026-09-10T06:18:35.789Z,성공,,accounts/108642176633190765581/locations/8641310655559691174/localPosts/7793055242324826697,아이폰18 프로 사전예약은 어디에서 할 수 있나요? 📱 아이폰18 프로
KT플라자 신림동 신림점,a606bc102c3a,2026-09-10T06:18:39.657Z,성공,,accounts/108642176633190765581/locations/8890939540388698802/localPosts/7505994744748293997,아이폰18 프로 사전예약은 어디에서 할 수 있나요? 📱 아이폰18 프로
KT플라자 신대리 신대점,a606bc102c3a,2026-09-10T06:18:43.751Z,성공,,accounts/108642176633190765581/locations/4747179711034388527/localPosts/2964803288607812661,아이폰18 프로 사전예약은 어디에서 할 수 있나요? 📱 아이폰18 프로
KT플라자 신당동 신당점,a606bc102c3a,2026-09-10T06:18:47.736Z,성공,,accounts/108642176633190765581/locations/1794089602294645941/localPosts/2059613560352431566,아이폰18 프로 사전예약은 어디에서 할 수 있나요? 📱 아이폰18 프로
KT플라자 신당동 성서계명대점,a606bc102c3a,2026-09-10T06:18:51.432Z,성공,,accounts/108642176633190765581/locations/18281078184987383399/localPosts/750003032378429577,아이폰18 프로 사전예약은 어디에서 할 수 있나요? 📱 아이폰18 프로
KT플라자 신길동 신길점,a606bc102c3a,2026-09-10T06:18:55.356Z,성공,,accounts/108642176633190765581/locations/11344257564543177137/localPosts/453604153749637829,아이폰18 프로 사전예약은 어디에서 할 수 있나요? 📱 아이폰18 프로
KT플라자 신길동 신길뉴타운점,a606bc102c3a,2026-09-10T06:18:59.624Z,성공,,accounts/108642176633190765581/locations/16699752096716770929/localPosts/9071515646521535063,아이폰18 프로 사전예약은 어디에서 할 수 있나요? 📱 아이폰18 프로
KT플라자 신관동 공주대점,a606bc102c3a,2026-09-10T06:19:03.712Z,성공,,accounts/108642176633190765581/locations/16104443881810767073/localPosts/588959511125076567,아이폰18 프로 사전예약은 어디에서 할 수 있나요? 📱 아이폰18 프로
KT플라자 수완동 광산점,a606bc102c3a,2026-09-10T06:19:07.714Z,성공,,accounts/108642176633190765581/locations/8332671982810903851/localPosts/6710371889718694119,아이폰18 프로 사전예약은 어디에서 할 수 있나요? 📱 아이폰18 프로
KT플라자 수송동 수송점,a606bc102c3a,2026-09-10T06:19:11.798Z,성공,,accounts/108642176633190765581/locations/3741666394060806865/localPosts/4027749935060971100,아이폰18 프로 사전예약은 어디에서 할 수 있나요? 📱 아이폰18 프로
KT플라자 수성동 대구은행역점,a606bc102c3a,2026-09-10T06:19:15.998Z,성공,,accounts/108642176633190765581/locations/10266914556156697120/localPosts/6030663081097924526,아이폰18 프로 사전예약은 어디에서 할 수 있나요? 📱 아이폰18 프로
KT플라자 수내동 수내푸른마을점,a606bc102c3a,2026-09-10T06:19:20.206Z,성공,,accounts/108642176633190765581/locations/2986811220708115073/localPosts/7526096965963282243,아이폰18 프로 사전예약은 어디에서 할 수 있나요? 📱 아이폰18 프로
KT플라자 수내동 수내역점,a606bc102c3a,2026-09-10T06:19:24.304Z,성공,,accounts/108642176633190765581/locations/4802583428044820416/localPosts/6751302554077541744,아이폰18 프로 사전예약은 어디에서 할 수 있나요? 📱 아이폰18 프로
KT플라자 송촌동 송촌점,a606bc102c3a,2026-09-10T06:19:28.672Z,성공,,accounts/108642176633190765581/locations/6782839391735762122/localPosts/4033652875138347551,아이폰18 프로 사전예약은 어디에서 할 수 있나요? 📱 아이폰18 프로
KT플라자 송도동 송도점,a606bc102c3a,2026-09-10T06:19:32.907Z,성공,,accounts/108642176633190765581/locations/11859735585039436097/localPosts/3813145415309769075,아이폰18 프로 사전예약은 어디에서 할 수 있나요? 📱 아이폰18 프로
KT플라자 송내동 송내역점,a606bc102c3a,2026-09-10T06:19:37.027Z,성공,,accounts/108642176633190765581/locations/12802842362242572214/localPosts/5027262648877984504,아이폰18 프로 사전예약은 어디에서 할 수 있나요? 📱 아이폰18 프로
KT플라자 세종로 광화문온맞이점,a606bc102c3a,2026-09-10T06:19:45.016Z,성공,,accounts/108642176633190765581/locations/1810789053593508103/localPosts/3817422711622996765,아이폰18 프로 사전예약은 어디에서 할 수 있나요? 📱 아이폰18 프로
KT플라자 성복동 성복역점,a606bc102c3a,2026-09-10T06:19:49.395Z,성공,,accounts/108642176633190765581/locations/4189274631875957691/localPosts/9009249127131209497,아이폰18 프로 사전예약은 어디에서 할 수 있나요? 📱 아이폰18 프로
KT플라자 성내동 길동사거리점,a606bc102c3a,2026-09-10T06:19:53.372Z,성공,,accounts/108642176633190765581/locations/10614341108023014255/localPosts/8152064018491003091,아이폰18 프로 사전예약은 어디에서 할 수 있나요? 📱 아이폰18 프로
KT플라자 성남동 울산성남아케이드점,a606bc102c3a,2026-09-10T06:19:57.685Z,성공,,accounts/108642176633190765581/locations/7709668885778918732/localPosts/8087206268043752555,아이폰18 프로 사전예약은 어디에서 할 수 있나요? 📱 아이폰18 프로
KT플라자 성남동 모란점,a606bc102c3a,2026-09-10T06:20:02.395Z,성공,,accounts/108642176633190765581/locations/3638994797858872875/localPosts/4762742641708243203,아이폰18 프로 사전예약은 어디에서 할 수 있나요? 📱 아이폰18 프로
KT플라자 선암동 선운점,a606bc102c3a,2026-09-10T06:20:08.744Z,성공,,accounts/108642176633190765581/locations/8235652926572467033/localPosts/4600962697579497742,아이폰18 프로 사전예약은 어디에서 할 수 있나요? 📱 아이폰18 프로
KT플라자 선부동 안산선부점,a606bc102c3a,2026-09-10T06:20:13.155Z,성공,,accounts/108642176633190765581/locations/300651213919570901/localPosts/2325982045496376773,아이폰18 프로 사전예약은 어디에서 할 수 있나요? 📱 아이폰18 프로
KT플라자 석사동 석사점,a606bc102c3a,2026-09-10T06:20:17.693Z,성공,,accounts/108642176633190765581/locations/7884728435119578091/localPosts/3456198529130147365,아이폰18 프로 사전예약은 어디에서 할 수 있나요? 📱 아이폰18 프로
KT플라자 석남동 석남역점,a606bc102c3a,2026-09-10T06:20:22.314Z,성공,,accounts/108642176633190765581/locations/3038865465092916078/localPosts/5428241971210779902,아이폰18 프로 사전예약은 어디에서 할 수 있나요? 📱 아이폰18 프로
KT플라자 서현동 서현역점,a606bc102c3a,2026-09-10T06:20:26.184Z,성공,,accounts/108642176633190765581/locations/4563973866082906827/localPosts/3624633602916604383,아이폰18 프로 사전예약은 어디에서 할 수 있나요? 📱 아이폰18 프로
KT플라자 서초동 교대역점,a606bc102c3a,2026-09-10T06:20:30.249Z,성공,,accounts/108642176633190765581/locations/1680046333021124375/localPosts/699423475167926043,아이폰18 프로 사전예약은 어디에서 할 수 있나요? 📱 아이폰18 프로
KT플라자 서초동 강남대로점,a606bc102c3a,2026-09-10T06:20:34.104Z,성공,,accounts/108642176633190765581/locations/3665296750084159382/localPosts/8615104712009201505,아이폰18 프로 사전예약은 어디에서 할 수 있나요? 📱 아이폰18 프로
KT플라자 서귀동 서귀시청점,a606bc102c3a,2026-09-10T06:20:38.339Z,성공,,accounts/108642176633190765581/locations/10252844069355401345/localPosts/3997061304344956718,아이폰18 프로 사전예약은 어디에서 할 수 있나요? 📱 아이폰18 프로
KT플라자 상현동 상현점,a606bc102c3a,2026-09-10T06:20:41.821Z,성공,,accounts/108642176633190765581/locations/8378325226351713083/localPosts/8494621454122751259,아이폰18 프로 사전예약은 어디에서 할 수 있나요? 📱 아이폰18 프로
KT플라자 상현동 광교상현역점,a606bc102c3a,2026-09-10T06:20:45.404Z,성공,,accounts/108642176633190765581/locations/17313415860673145315/localPosts/2771846411681069919,아이폰18 프로 사전예약은 어디에서 할 수 있나요? 📱 아이폰18 프로
KT플라자 상인동 상인역점,a606bc102c3a,2026-09-10T06:20:49.398Z,성공,,accounts/108642176633190765581/locations/3875399794306716702/localPosts/7297535654466813090,아이폰18 프로 사전예약은 어디에서 할 수 있나요? 📱 아이폰18 프로
KT플라자 상인동 상인롯데점,a606bc102c3a,2026-09-10T06:20:53.154Z,성공,,accounts/108642176633190765581/locations/7818663025726319218/localPosts/6804421527172923078,아이폰18 프로 사전예약은 어디에서 할 수 있나요? 📱 아이폰18 프로
KT플라자 상암동 상암애드샵점,a606bc102c3a,2026-09-10T06:20:58.093Z,성공,,accounts/108642176633190765581/locations/10903105633363940732/localPosts/7706301433160921377,아이폰18 프로 사전예약은 어디에서 할 수 있나요? 📱 아이폰18 프로
KT플라자 상봉동 상봉역점,a606bc102c3a,2026-09-10T06:21:02.608Z,성공,,accounts/108642176633190765581/locations/15055495101851206979/localPosts/4015399285487526786,아이폰18 프로 사전예약은 어디에서 할 수 있나요? 📱 아이폰18 프로
KT플라자 상동 부천상동점,a606bc102c3a,2026-09-10T06:21:06.704Z,성공,,accounts/108642176633190765581/locations/11133208004507971013/localPosts/8011104111639061513,아이폰18 프로 사전예약은 어디에서 할 수 있나요? 📱 아이폰18 프로
KT플라자 상동 목포상동점,a606bc102c3a,2026-09-10T06:21:10.392Z,성공,,accounts/108642176633190765581/locations/661648759987771906/localPosts/6760498121297697395,아이폰18 프로 사전예약은 어디에서 할 수 있나요? 📱 아이폰18 프로
KT플라자 상남동 상남사거리점,a606bc102c3a,2026-09-10T06:21:14.588Z,성공,,accounts/108642176633190765581/locations/233975689113170455/localPosts/4463131221341094696,아이폰18 프로 사전예약은 어디에서 할 수 있나요? 📱 아이폰18 프로
KT플라자 삼향읍 남악점,a606bc102c3a,2026-09-10T06:21:18.890Z,성공,,accounts/108642176633190765581/locations/2505501511669761668/localPosts/4569395085594259659,아이폰18 프로 사전예약은 어디에서 할 수 있나요? 📱 아이폰18 프로
KT플라자 삼전동 삼전점,a606bc102c3a,2026-09-10T06:21:23.088Z,성공,,accounts/108642176633190765581/locations/16341599821348253783/localPosts/6843580714745635758,아이폰18 프로 사전예약은 어디에서 할 수 있나요? 📱 아이폰18 프로
KT플라자 삼산동 삼산점,a606bc102c3a,2026-09-10T06:21:27.491Z,성공,,accounts/108642176633190765581/locations/11097515837463727626/localPosts/2241631032539124765,아이폰18 프로 사전예약은 어디에서 할 수 있나요? 📱 아이폰18 프로
KT플라자 삼계동 김해삼계점,a606bc102c3a,2026-09-10T06:21:31.486Z,성공,,accounts/108642176633190765581/locations/9887671938719538641/localPosts/6620270002575465761,아이폰18 프로 사전예약은 어디에서 할 수 있나요? 📱 아이폰18 프로
KT플라자 산척동 동탄호수공원점,a606bc102c3a,2026-09-10T06:21:35.353Z,성공,,accounts/108642176633190765581/locations/1761514591632839499/localPosts/2642810705660886446,아이폰18 프로 사전예약은 어디에서 할 수 있나요? 📱 아이폰18 프로
KT플라자 산본동 산본점,a606bc102c3a,2026-09-10T06:21:39.189Z,성공,,accounts/108642176633190765581/locations/5135878762116936367/localPosts/5334485387729745983,아이폰18 프로 사전예약은 어디에서 할 수 있나요? 📱 아이폰18 프로
KT플라자 사창동 중문점,a606bc102c3a,2026-09-10T06:21:43.671Z,성공,,accounts/108642176633190765581/locations/3118626389991536858/localPosts/8756989219428669133,아이폰18 프로 사전예약은 어디에서 할 수 있나요? 📱 아이폰18 프로
KT플라자 사우동 사우점,a606bc102c3a,2026-09-10T06:21:47.562Z,성공,,accounts/108642176633190765581/locations/3267908099504292982/localPosts/878858369181510628,아이폰18 프로 사전예약은 어디에서 할 수 있나요? 📱 아이폰18 프로
KT플라자 비산동 범계점,a606bc102c3a,2026-09-10T06:21:51.043Z,성공,,accounts/108642176633190765581/locations/10660721299360949480/localPosts/1213609528401143298,아이폰18 프로 사전예약은 어디에서 할 수 있나요? 📱 아이폰18 프로
KT플라자 불당동 불당점,a606bc102c3a,2026-09-10T06:21:54.831Z,성공,,accounts/108642176633190765581/locations/8503297213304322586/localPosts/5199168127094762153,아이폰18 프로 사전예약은 어디에서 할 수 있나요? 📱 아이폰18 프로
KT플라자 불광동 연신내역점,a606bc102c3a,2026-09-10T06:21:58.724Z,성공,,accounts/108642176633190765581/locations/5109332904742190288/localPosts/20608631107084753,아이폰18 프로 사전예약은 어디에서 할 수 있나요? 📱 아이폰18 프로
KT플라자 북문로 청주중앙점,a606bc102c3a,2026-09-10T06:22:02.503Z,성공,,accounts/108642176633190765581/locations/4514958895143510462/localPosts/763841070659984271,아이폰18 프로 사전예약은 어디에서 할 수 있나요? 📱 아이폰18 프로
KT플라자 부평동 부평문화거리점,a606bc102c3a,2026-09-10T06:22:05.892Z,성공,,accounts/108642176633190765581/locations/13747672287449329326/localPosts/6633600723672772364,아이폰18 프로 사전예약은 어디에서 할 수 있나요? 📱 아이폰18 프로
KT플라자 부곡동 장유점,a606bc102c3a,2026-09-10T06:22:09.476Z,성공,,accounts/108642176633190765581/locations/9249560149593229138/localPosts/5358419223138075291,아이폰18 프로 사전예약은 어디에서 할 수 있나요? 📱 아이폰18 프로
KT플라자 봉천동 서울대점,a606bc102c3a,2026-09-10T06:22:14.019Z,성공,,accounts/108642176633190765581/locations/9408372089865062560/localPosts/1090695531906160931,아이폰18 프로 사전예약은 어디에서 할 수 있나요? 📱 아이폰18 프로
KT플라자 봉선동 봉선중앙점,a606bc102c3a,2026-09-10T06:22:17.770Z,성공,,accounts/108642176633190765581/locations/380934041250764569/localPosts/3029610321949001029,아이폰18 프로 사전예약은 어디에서 할 수 있나요? 📱 아이폰18 프로
KT플라자 봉명동 유성점,a606bc102c3a,2026-09-10T06:22:21.706Z,성공,,accounts/108642176633190765581/locations/13808974667792582961/localPosts/6415531904189165624,아이폰18 프로 사전예약은 어디에서 할 수 있나요? 📱 아이폰18 프로
KT플라자 본오동 상록수역점,a606bc102c3a,2026-09-10T06:22:25.450Z,성공,,accounts/108642176633190765581/locations/1755584130380434503/localPosts/957893600444323624,아이폰18 프로 사전예약은 어디에서 할 수 있나요? 📱 아이폰18 프로
KT플라자 본오동 본오점,a606bc102c3a,2026-09-10T06:22:30.310Z,성공,,accounts/108642176633190765581/locations/17831981653758653201/localPosts/835688414668682898,아이폰18 프로 사전예약은 어디에서 할 수 있나요? 📱 아이폰18 프로
KT플라자 보정동 보정점,a606bc102c3a,2026-09-10T06:22:34.667Z,성공,,accounts/108642176633190765581/locations/8043135407738246082/localPosts/5202276820729984075,아이폰18 프로 사전예약은 어디에서 할 수 있나요? 📱 아이폰18 프로
KT플라자 범서읍 구영로점,a606bc102c3a,2026-09-10T06:22:39.070Z,성공,,accounts/108642176633190765581/locations/10312771838028686298/localPosts/7624666507788937070,아이폰18 프로 사전예약은 어디에서 할 수 있나요? 📱 아이폰18 프로
KT플라자 번동 수유점,a606bc102c3a,2026-09-10T06:22:42.653Z,성공,,accounts/108642176633190765581/locations/11251075240553945491/localPosts/6466644789047012263,아이폰18 프로 사전예약은 어디에서 할 수 있나요? 📱 아이폰18 프로
KT플라자 방배동 사당점,a606bc102c3a,2026-09-10T06:22:46.458Z,성공,,accounts/108642176633190765581/locations/1722308835041395240/localPosts/4272845058994093323,아이폰18 프로 사전예약은 어디에서 할 수 있나요? 📱 아이폰18 프로
KT플라자 반포동 신논현점,a606bc102c3a,2026-09-10T06:22:51.514Z,성공,,accounts/108642176633190765581/locations/18440196106822265081/localPosts/8563573489701152035,아이폰18 프로 사전예약은 어디에서 할 수 있나요? 📱 아이폰18 프로
KT플라자 반송동 동탄센트럴파크점,a606bc102c3a,2026-09-10T06:22:55.872Z,성공,,accounts/108642176633190765581/locations/1252488692989377132/localPosts/6350495320572562992,아이폰18 프로 사전예약은 어디에서 할 수 있나요? 📱 아이폰18 프로
KT플라자 반송동 동탄나루마을점,a606bc102c3a,2026-09-10T06:23:00.442Z,성공,,accounts/108642176633190765581/locations/10441086142231643562/localPosts/5006452744602818524,아이폰18 프로 사전예약은 어디에서 할 수 있나요? 📱 아이폰18 프로
KT플라자 반림동 반림점,a606bc102c3a,2026-09-10T06:23:04.483Z,성공,,accounts/108642176633190765581/locations/13717583353364812282/localPosts/6653486397700256302,아이폰18 프로 사전예약은 어디에서 할 수 있나요? 📱 아이폰18 프로
KT플라자 미아동 삼양로점,a606bc102c3a,2026-09-10T06:23:08.665Z,성공,,accounts/108642176633190765581/locations/1089513380643988386/localPosts/8321930181805432876,아이폰18 프로 사전예약은 어디에서 할 수 있나요? 📱 아이폰18 프로
KT플라자 문화동 문화점,a606bc102c3a,2026-09-10T06:23:12.333Z,성공,,accounts/108642176633190765581/locations/10303923359883663937/localPosts/939161759955856990,아이폰18 프로 사전예약은 어디에서 할 수 있나요? 📱 아이폰18 프로
KT플라자 문산읍 문산점,a606bc102c3a,2026-09-10T06:23:16.230Z,성공,,accounts/108642176633190765581/locations/17155177308939857468/localPosts/2925698196542527737,아이폰18 프로 사전예약은 어디에서 할 수 있나요? 📱 아이폰18 프로
KT플라자 무실동 원주무실점,a606bc102c3a,2026-09-10T06:23:20.337Z,성공,,accounts/108642176633190765581/locations/15424095119148282315/localPosts/729731093672199551,아이폰18 프로 사전예약은 어디에서 할 수 있나요? 📱 아이폰18 프로
KT플라자 목동 오목교점,a606bc102c3a,2026-09-10T06:23:24.843Z,성공,,accounts/108642176633190765581/locations/7349764839352499971/localPosts/317465387197622681,아이폰18 프로 사전예약은 어디에서 할 수 있나요? 📱 아이폰18 프로
KT플라자 목동 먹골역점,a606bc102c3a,2026-09-10T06:23:28.734Z,성공,,accounts/108642176633190765581/locations/15443950212207929995/localPosts/7340648649016171087,아이폰18 프로 사전예약은 어디에서 할 수 있나요? 📱 아이폰18 프로
KT플라자 명지동 명지국제신도시점,a606bc102c3a,2026-09-10T06:23:32.859Z,성공,,accounts/108642176633190765581/locations/935989135275234272/localPosts/6059749568788630327,아이폰18 프로 사전예약은 어디에서 할 수 있나요? 📱 아이폰18 프로
KT플라자 명일동 명일역점,a606bc102c3a,2026-09-10T06:23:37.745Z,성공,,accounts/108642176633190765581/locations/8467437978996513555/localPosts/9177271253064584327,아이폰18 프로 사전예약은 어디에서 할 수 있나요? 📱 아이폰18 프로
KT플라자 명륜동 목포역점,a606bc102c3a,2026-09-10T06:23:41.535Z,성공,,accounts/108642176633190765581/locations/9603932406788873789/localPosts/4041047943205029228,아이폰18 프로 사전예약은 어디에서 할 수 있나요? 📱 아이폰18 프로
KT플라자 면목동 면목역점,a606bc102c3a,2026-09-10T06:23:45.529Z,성공,,accounts/108642176633190765581/locations/17852713429777343948/localPosts/3613683548548170818,아이폰18 프로 사전예약은 어디에서 할 수 있나요? 📱 아이폰18 프로
KT플라자 매탄동 수원영통구청점,a606bc102c3a,2026-09-10T06:23:49.215Z,성공,,accounts/108642176633190765581/locations/1833631088821396333/localPosts/5596578651876301076,아이폰18 프로 사전예약은 어디에서 할 수 있나요? 📱 아이폰18 프로
KT플라자 망포동 신영통점,a606bc102c3a,2026-09-10T06:23:53.107Z,성공,,accounts/108642176633190765581/locations/7570670468921791675/localPosts/8741885378086265867,아이폰18 프로 사전예약은 어디에서 할 수 있나요? 📱 아이폰18 프로
KT플라자 망월동 미사역점,a606bc102c3a,2026-09-10T06:23:57.818Z,성공,,accounts/108642176633190765581/locations/8629978019496634804/localPosts/4526850013262545180,아이폰18 프로 사전예약은 어디에서 할 수 있나요? 📱 아이폰18 프로
KT플라자 마두동 마두역점,a606bc102c3a,2026-09-10T06:24:01.503Z,성공,,accounts/108642176633190765581/locations/10431269720934846814/localPosts/9178576841740327513,아이폰18 프로 사전예약은 어디에서 할 수 있나요? 📱 아이폰18 프로
KT플라자 마곡동 마곡나루역점,a606bc102c3a,2026-09-10T06:24:05.496Z,성공,,accounts/108642176633190765581/locations/9655651335491146246/localPosts/4591501307385752325,아이폰18 프로 사전예약은 어디에서 할 수 있나요? 📱 아이폰18 프로
KT플라자 등촌동 가양역점,a606bc102c3a,2026-09-10T06:24:09.796Z,성공,,accounts/108642176633190765581/locations/6786282413328927612/localPosts/2297025945769163441,아이폰18 프로 사전예약은 어디에서 할 수 있나요? 📱 아이폰18 프로
KT플라자 둔촌동 둔촌역점,a606bc102c3a,2026-09-10T06:24:13.689Z,성공,,accounts/108642176633190765581/locations/8037141808264715895/localPosts/3762287798169848772,아이폰18 프로 사전예약은 어디에서 할 수 있나요? 📱 아이폰18 프로
KT플라자 둔산동 둔산타임월드점,a606bc102c3a,2026-09-10T06:24:18.194Z,성공,,accounts/108642176633190765581/locations/599631632244481489/localPosts/1458737934374430628,아이폰18 프로 사전예약은 어디에서 할 수 있나요? 📱 아이폰18 프로
KT플라자 두류동 감삼역점,a606bc102c3a,2026-09-10T06:24:22.394Z,성공,,accounts/108642176633190765581/locations/10459895309541463325/localPosts/3339883597425634169,아이폰18 프로 사전예약은 어디에서 할 수 있나요? 📱 아이폰18 프로
KT플라자 동천동 동천점,a606bc102c3a,2026-09-10T06:24:27.109Z,성공,,accounts/108642176633190765581/locations/14669636094761517424/localPosts/5028394286222813748,아이폰18 프로 사전예약은 어디에서 할 수 있나요? 📱 아이폰18 프로
KT플라자 동소문동 한성대점,a606bc102c3a,2026-09-10T06:24:30.995Z,성공,,accounts/108642176633190765581/locations/13859347615062201880/localPosts/7904819713340338370,아이폰18 프로 사전예약은 어디에서 할 수 있나요? 📱 아이폰18 프로
KT플라자 동소문동 성신여대점,a606bc102c3a,2026-09-10T06:24:35.397Z,성공,,accounts/108642176633190765581/locations/16184072425288371709/localPosts/3404921706412099122,아이폰18 프로 사전예약은 어디에서 할 수 있나요? 📱 아이폰18 프로
KT플라자 동성로 동성로점,a606bc102c3a,2026-09-10T06:24:40.108Z,성공,,accounts/108642176633190765581/locations/407105796127172584/localPosts/3513094076783953424,아이폰18 프로 사전예약은 어디에서 할 수 있나요? 📱 아이폰18 프로
KT플라자 동부동 경주중앙점,a606bc102c3a,2026-09-10T06:24:43.999Z,성공,,accounts/108642176633190765581/locations/15286594190879887634/localPosts/4555135603923980831,아이폰18 프로 사전예약은 어디에서 할 수 있나요? 📱 아이폰18 프로
KT플라자 동문동 서산중앙점,a606bc102c3a,2026-09-10T06:24:47.276Z,성공,,accounts/108642176633190765581/locations/6009580563590914748/localPosts/6597994514723117018,아이폰18 프로 사전예약은 어디에서 할 수 있나요? 📱 아이폰18 프로
KT플라자 동문동 서산동문점,a606bc102c3a,2026-09-10T06:24:51.724Z,성공,,accounts/108642176633190765581/locations/4819572500081978963/localPosts/2360839568860544853,아이폰18 프로 사전예약은 어디에서 할 수 있나요? 📱 아이폰18 프로
KT플라자 동대신점,a606bc102c3a,2026-09-10T06:24:56.238Z,성공,,accounts/108642176633190765581/locations/9682821083399635646/localPosts/5104760132252278134,아이폰18 프로 사전예약은 어디에서 할 수 있나요? 📱 아이폰18 프로
KT플라자 동교동 홍대애드샵플러스점,a606bc102c3a,2026-09-10T06:25:00.076Z,성공,,accounts/108642176633190765581/locations/5299556273059948432/localPosts/199527112512134087,아이폰18 프로 사전예약은 어디에서 할 수 있나요? 📱 아이폰18 프로
KT플라자 동광양점,a606bc102c3a,2026-09-10T06:25:04.888Z,성공,,accounts/108642176633190765581/locations/2890687889470396757/localPosts/2357795743449789117,아이폰18 프로 사전예약은 어디에서 할 수 있나요? 📱 아이폰18 프로
KT플라자 독산1동 독산씨티렉스점,a606bc102c3a,2026-09-10T06:25:08.860Z,성공,,accounts/108642176633190765581/locations/8351926782734731016/localPosts/8759411744307766758,아이폰18 프로 사전예약은 어디에서 할 수 있나요? 📱 아이폰18 프로
KT플라자 덕계동 양주덕계점,a606bc102c3a,2026-09-10T06:25:12.979Z,성공,,accounts/108642176633190765581/locations/7544571193427447227/localPosts/4352191035132811643,아이폰18 프로 사전예약은 어디에서 할 수 있나요? 📱 아이폰18 프로
KT플라자 대흥동 시네마점,a606bc102c3a,2026-09-10T06:25:17.076Z,성공,,accounts/108642176633190765581/locations/4423232267008078835/localPosts/6001178448396177078,아이폰18 프로 사전예약은 어디에서 할 수 있나요? 📱 아이폰18 프로
KT플라자 대천동 안성중앙점,a606bc102c3a,2026-09-10T06:25:20.659Z,성공,,accounts/108642176633190765581/locations/3704887858570807368/localPosts/164676349209372002,아이폰18 프로 사전예약은 어디에서 할 수 있나요? 📱 아이폰18 프로
KT플라자 대천동 대천중앙로점,a606bc102c3a,2026-09-10T06:25:24.243Z,성공,,accounts/108642176633190765581/locations/10348831812190877373/localPosts/9214807306946001398,아이폰18 프로 사전예약은 어디에서 할 수 있나요? 📱 아이폰18 프로
KT플라자 대천동 대천점,a606bc102c3a,2026-09-10T06:25:27.752Z,성공,,accounts/108642176633190765581/locations/17211462350629260475/localPosts/2109593858745820221,아이폰18 프로 사전예약은 어디에서 할 수 있나요? 📱 아이폰18 프로
KT플라자 대림동 대림역점,a606bc102c3a,2026-09-10T06:25:31.001Z,성공,,accounts/108642176633190765581/locations/6518374215239920731/localPosts/8382903663019803298,아이폰18 프로 사전예약은 어디에서 할 수 있나요? 📱 아이폰18 프로
KT플라자 대동 영남대점,a606bc102c3a,2026-09-10T06:25:35.024Z,성공,,accounts/108642176633190765581/locations/3904745476099512075/localPosts/6573890274842762075,아이폰18 프로 사전예약은 어디에서 할 수 있나요? 📱 아이폰18 프로
KT플라자 당주동 광화문중앙점,a606bc102c3a,2026-09-10T06:25:39.623Z,성공,,accounts/108642176633190765581/locations/2610185060497033446/localPosts/8442808941117399997,아이폰18 프로 사전예약은 어디에서 할 수 있나요? 📱 아이폰18 프로
KT플라자 당산동 영등포구청역점,a606bc102c3a,2026-09-10T06:25:44.108Z,성공,,accounts/108642176633190765581/locations/6391858568866318264/localPosts/2579948456243523805,아이폰18 프로 사전예약은 어디에서 할 수 있나요? 📱 아이폰18 프로
KT플라자 당산동 당산점,a606bc102c3a,2026-09-10T06:25:47.795Z,성공,,accounts/108642176633190765581/locations/14996988231268738210/localPosts/416297582850584786,아이폰18 프로 사전예약은 어디에서 할 수 있나요? 📱 아이폰18 프로
KT플라자 단구동 원주단구점,a606bc102c3a,2026-09-10T06:25:52.199Z,성공,,accounts/108642176633190765581/locations/3907826932383191950/localPosts/1109937928794845426,아이폰18 프로 사전예약은 어디에서 할 수 있나요? 📱 아이폰18 프로
KT플라자 다산동 도농로점,a606bc102c3a,2026-09-10T06:25:56.601Z,성공,,accounts/108642176633190765581/locations/15722310100030904463/localPosts/7343842648322170927,아이폰18 프로 사전예약은 어디에서 할 수 있나요? 📱 아이폰18 프로
KT플라자 다산동 다산신도시점,a606bc102c3a,2026-09-10T06:26:00.186Z,성공,,accounts/108642176633190765581/locations/9146439307285927063/localPosts/4000596844118154461,아이폰18 프로 사전예약은 어디에서 할 수 있나요? 📱 아이폰18 프로
KT플라자 논현로 학동역점,a606bc102c3a,2026-09-10T06:26:04.729Z,성공,,accounts/108642176633190765581/locations/9035687793003040996/localPosts/3659425849164162206,아이폰18 프로 사전예약은 어디에서 할 수 있나요? 📱 아이폰18 프로
KT플라자 노형동 노형점,a606bc102c3a,2026-09-10T06:26:08.889Z,성공,,accounts/108642176633190765581/locations/16150756688227059590/localPosts/6531969731919334704,아이폰18 프로 사전예약은 어디에서 할 수 있나요? 📱 아이폰18 프로
KT플라자 노형동 노형드림점,a606bc102c3a,2026-09-10T06:26:12.986Z,성공,,accounts/108642176633190765581/locations/11382289267806730931/localPosts/1573281570516551726,아이폰18 프로 사전예약은 어디에서 할 수 있나요? 📱 아이폰18 프로
KT플라자 노량진동 노량진점,a606bc102c3a,2026-09-10T06:26:16.672Z,성공,,accounts/108642176633190765581/locations/5514815131802300300/localPosts/4796137935493267932,아이폰18 프로 사전예약은 어디에서 할 수 있나요? 📱 아이폰18 프로
KT플라자 노고산동 신촌역점,a606bc102c3a,2026-09-10T06:26:20.666Z,성공,,accounts/108642176633190765581/locations/10553576645061811154/localPosts/945579250594332992,아이폰18 프로 사전예약은 어디에서 할 수 있나요? 📱 아이폰18 프로
KT플라자 내서읍 삼계점,a606bc102c3a,2026-09-10T06:26:25.478Z,성공,,accounts/108642176633190765581/locations/11232819832708982934/localPosts/4890487703483393024,아이폰18 프로 사전예약은 어디에서 할 수 있나요? 📱 아이폰18 프로
KT플라자 내발산동 우장산역점,a606bc102c3a,2026-09-10T06:26:29.677Z,성공,,accounts/108642176633190765581/locations/6249804238324610998/localPosts/3785020708550295136,아이폰18 프로 사전예약은 어디에서 할 수 있나요? 📱 아이폰18 프로
KT플라자 남가좌동 명지대사거리점,a606bc102c3a,2026-09-10T06:26:34.080Z,성공,,accounts/108642176633190765581/locations/11777982765974686522/localPosts/6596751524986242802,아이폰18 프로 사전예약은 어디에서 할 수 있나요? 📱 아이폰18 프로
KT플라자 나운동 나운점,a606bc102c3a,2026-09-10T06:26:37.460Z,성공,,accounts/108642176633190765581/locations/18071816065078373430/localPosts/4112636485971748593,아이폰18 프로 사전예약은 어디에서 할 수 있나요? 📱 아이폰18 프로
KT플라자 나성동 세종첫마을점,a606bc102c3a,2026-09-10T06:26:41.452Z,성공,,accounts/108642176633190765581/locations/15477859993133588832/localPosts/53501783886670557,아이폰18 프로 사전예약은 어디에서 할 수 있나요? 📱 아이폰18 프로
KT플라자 김량장동 김량장점,a606bc102c3a,2026-09-10T06:26:45.856Z,성공,,accounts/108642176633190765581/locations/5021019434322822393/localPosts/2659249046432711795,아이폰18 프로 사전예약은 어디에서 할 수 있나요? 📱 아이폰18 프로
KT플라자 금호동 금호동점,a606bc102c3a,2026-09-10T06:26:49.747Z,성공,,accounts/108642176633190765581/locations/4931719375082345427/localPosts/3851245884055004963,아이폰18 프로 사전예약은 어디에서 할 수 있나요? 📱 아이폰18 프로
KT플라자 금촌동 금릉역점,a606bc102c3a,2026-09-10T06:26:53.801Z,성공,,accounts/108642176633190765581/locations/5247521556254744457/localPosts/5322351490430875341,아이폰18 프로 사전예약은 어디에서 할 수 있나요? 📱 아이폰18 프로
KT플라자 구월동 모래내점,a606bc102c3a,2026-09-10T06:26:57.530Z,성공,,accounts/108642176633190765581/locations/1143561352872241890/localPosts/6595905468692860797,아이폰18 프로 사전예약은 어디에서 할 수 있나요? 📱 아이폰18 프로
KT플라자 구월동 구월점,a606bc102c3a,2026-09-10T06:27:01.271Z,성공,,accounts/108642176633190765581/locations/8429402546543943831/localPosts/5461102029678165097,아이폰18 프로 사전예약은 어디에서 할 수 있나요? 📱 아이폰18 프로
KT플라자 구서동 구서역점,a606bc102c3a,2026-09-10T06:27:05.517Z,성공,,accounts/108642176633190765581/locations/157291518472505404/localPosts/2137691843793680965,아이폰18 프로 사전예약은 어디에서 할 수 있나요? 📱 아이폰18 프로
KT플라자 구미동 오리점,a606bc102c3a,2026-09-10T06:27:10.125Z,성공,,accounts/108642176633190765581/locations/17633893059099113007/localPosts/2160343181954338799,아이폰18 프로 사전예약은 어디에서 할 수 있나요? 📱 아이폰18 프로
KT플라자 구미동 분당미금역점,a606bc102c3a,2026-09-10T06:27:14.323Z,성공,,accounts/108642176633190765581/locations/18330903371147354847/localPosts/2007394367334568423,아이폰18 프로 사전예약은 어디에서 할 수 있나요? 📱 아이폰18 프로
KT플라자 구로동 구로디지털점,a606bc102c3a,2026-09-10T06:27:17.908Z,성공,,accounts/108642176633190765581/locations/11032238047138927787/localPosts/7692069652233481118,아이폰18 프로 사전예약은 어디에서 할 수 있나요? 📱 아이폰18 프로
KT플라자 구래동 구래점,a606bc102c3a,2026-09-10T06:27:22.175Z,성공,,accounts/108642176633190765581/locations/11834015300631427660/localPosts/8359871650517040155,아이폰18 프로 사전예약은 어디에서 할 수 있나요? 📱 아이폰18 프로
KT플라자 괘법동 사상역점,a606bc102c3a,2026-09-10T06:27:25.897Z,성공,,accounts/108642176633190765581/locations/3385211825575463385/localPosts/6356050520772342750,아이폰18 프로 사전예약은 어디에서 할 수 있나요? 📱 아이폰18 프로
KT플라자 광명동 광명점,a606bc102c3a,2026-09-10T06:27:29.984Z,성공,,accounts/108642176633190765581/locations/3290711783566963817/localPosts/6346526946767329777,아이폰18 프로 사전예약은 어디에서 할 수 있나요? 📱 아이폰18 프로
KT플라자 관평동 테크노점,a606bc102c3a,2026-09-10T06:27:34.293Z,성공,,accounts/108642176633190765581/locations/12628224965503727331/localPosts/1744332828064687096,아이폰18 프로 사전예약은 어디에서 할 수 있나요? 📱 아이폰18 프로
KT플라자 관평동 관평점,a606bc102c3a,2026-09-10T06:27:38.184Z,성공,,accounts/108642176633190765581/locations/11242526508589466273/localPosts/6144311462747812663,아이폰18 프로 사전예약은 어디에서 할 수 있나요? 📱 아이폰18 프로
KT플라자 관저동 관저중로점,a606bc102c3a,2026-09-10T06:27:42.617Z,성공,,accounts/108642176633190765581/locations/1520604034270410295/localPosts/6278073252534711784,아이폰18 프로 사전예약은 어디에서 할 수 있나요? 📱 아이폰18 프로
KT플라자 고현동 고현점,a606bc102c3a,2026-09-10T06:27:47.810Z,성공,,accounts/108642176633190765581/locations/1339355563132997739/localPosts/804270950471478461,아이폰18 프로 사전예약은 어디에서 할 수 있나요? 📱 아이폰18 프로
KT플라자 고잔동 안산중앙역점,a606bc102c3a,2026-09-10T06:27:52.189Z,성공,,accounts/108642176633190765581/locations/7685000039929240170/localPosts/7663417881775133669,아이폰18 프로 사전예약은 어디에서 할 수 있나요? 📱 아이폰18 프로
KT플라자 거제동 사직종합운동장점,a606bc102c3a,2026-09-10T06:27:56.250Z,성공,,accounts/108642176633190765581/locations/68358057139349867/localPosts/1742139256293993543,아이폰18 프로 사전예약은 어디에서 할 수 있나요? 📱 아이폰18 프로
KT플라자 감삼동 죽전점,a606bc102c3a,2026-09-10T06:28:00.097Z,성공,,accounts/108642176633190765581/locations/5896421977033509373/localPosts/5985097523692010863,아이폰18 프로 사전예약은 어디에서 할 수 있나요? 📱 아이폰18 프로
KT플라자 가좌동 가좌점,a606bc102c3a,2026-09-10T06:28:04.470Z,성공,,accounts/108642176633190765581/locations/13487768559596696589/localPosts/1392885737586676485,아이폰18 프로 사전예약은 어디에서 할 수 있나요? 📱 아이폰18 프로
KT플라자 가오동 가오점,a606bc102c3a,2026-09-10T06:28:08.061Z,성공,,accounts/108642176633190765581/locations/9171218801318082779/localPosts/425386484894931839,아이폰18 프로 사전예약은 어디에서 할 수 있나요? 📱 아이폰18 프로
KT플라자 가경동 가경점,a606bc102c3a,2026-09-10T06:28:11.977Z,성공,,accounts/108642176633190765581/locations/10631995688201630175/localPosts/2030603362603840736,아이폰18 프로 사전예약은 어디에서 할 수 있나요? 📱 아이폰18 프로
KT플라자 원천동 수원매탄점,a606bc102c3a,2026-09-10T06:28:16.000Z,성공,,accounts/111916734653712808618/locations/4391430698929883834/localPosts/3570412433481175153,아이폰18 프로 사전예약은 어디에서 할 수 있나요? 📱 아이폰18 프로
KT대리점 가좌동 일산가좌점,5da85231d698,2026-09-14T02:31:08.004Z,성공,,accounts/102701826678154974491/locations/9501623577922118292/localPosts/5446243573436677797,"📱 아이폰18 프로, 어디에서 사전예약할 수 있나요? 아이폰18 프로 "
KT대리점 갈매동 갈매점,5da85231d698,2026-09-14T02:31:12.445Z,성공,,accounts/116721640260139751498/locations/8987869103856338327/localPosts/3259858712215744083,"📱 아이폰18 프로, 어디에서 사전예약할 수 있나요? 아이폰18 프로 "
KT대리점 갈현동 서오릉로점,5da85231d698,2026-09-14T02:31:16.690Z,성공,,accounts/115111778077446567628/locations/15797225220392221320/localPosts/4862643942695604289,"📱 아이폰18 프로, 어디에서 사전예약할 수 있나요? 아이폰18 프로 "
KT대리점 갈현동 연신내역 2호점,5da85231d698,2026-09-14T02:31:20.640Z,성공,,accounts/106046896090306251281/locations/12428611407651277521/localPosts/556059521059939106,"📱 아이폰18 프로, 어디에서 사전예약할 수 있나요? 아이폰18 프로 "
KT대리점 공릉동 공릉역점,5da85231d698,2026-09-14T02:31:25.037Z,성공,,accounts/111268753801414551762/locations/12415342620849637605/localPosts/3949638890936896480,"📱 아이폰18 프로, 어디에서 사전예약할 수 있나요? 아이폰18 프로 "
KT대리점 광사동 양주고읍점,5da85231d698,2026-09-14T02:31:29.450Z,성공,,accounts/111268753801414551762/locations/11962845817477354703/localPosts/6775269872490060552,"📱 아이폰18 프로, 어디에서 사전예약할 수 있나요? 아이폰18 프로 "
KT대리점 광장동 광나루역점,5da85231d698,2026-09-14T02:31:33.850Z,성공,,accounts/112909910869024757071/locations/2288832859815953920/localPosts/1225200628604233160,"📱 아이폰18 프로, 어디에서 사전예약할 수 있나요? 아이폰18 프로 "
KT대리점 교동 교동점,5da85231d698,2026-09-14T02:31:37.980Z,성공,,accounts/107140915927995871848/locations/18014323728391106179/localPosts/4187097086496681646,"📱 아이폰18 프로, 어디에서 사전예약할 수 있나요? 아이폰18 프로 "
KT대리점 군자동 군자역 8번출구점,5da85231d698,2026-09-14T02:31:41.771Z,성공,,accounts/111268753801414551762/locations/1244288409129546270/localPosts/3239221174896623736,"📱 아이폰18 프로, 어디에서 사전예약할 수 있나요? 아이폰18 프로 "
KT대리점 금오동 청사로점,5da85231d698,2026-09-14T02:31:45.795Z,성공,,accounts/111268753801414551762/locations/5700077936649171678/localPosts/2466860695549609731,"📱 아이폰18 프로, 어디에서 사전예약할 수 있나요? 아이폰18 프로 "
KT대리점 금학동 대학로점,5da85231d698,2026-09-14T02:31:50.635Z,성공,,accounts/107140915927995871848/locations/3343938491938603973/localPosts/2697108938712211497,"📱 아이폰18 프로, 어디에서 사전예약할 수 있나요? 아이폰18 프로 "
KT대리점 금호동 속초금호점,5da85231d698,2026-09-14T02:31:54.886Z,성공,,accounts/107140915927995871848/locations/8251147226525211448/localPosts/3525568159875950695,"📱 아이폰18 프로, 어디에서 사전예약할 수 있나요? 아이폰18 프로 "
KT대리점 남가좌동 가재울뉴타운점,5da85231d698,2026-09-14T02:31:59.134Z,성공,,accounts/113739400927013049004/locations/7052020445109401110/localPosts/6862116811012189868,"📱 아이폰18 프로, 어디에서 사전예약할 수 있나요? 아이폰18 프로 "
KT대리점 냉천동 서대문역점,5da85231d698,2026-09-14T02:32:03.332Z,성공,,accounts/115111778077446567628/locations/3482515357996715341/localPosts/4999589390929156589,"📱 아이폰18 프로, 어디에서 사전예약할 수 있나요? 아이폰18 프로 "
KT대리점 다산동 다산진건점,5da85231d698,2026-09-14T02:32:07.224Z,성공,,accounts/111268753801414551762/locations/3756152645634991710/localPosts/6367098297757234150,"📱 아이폰18 프로, 어디에서 사전예약할 수 있나요? 아이폰18 프로 "
KT대리점 단구동 단관택지점,5da85231d698,2026-09-14T02:32:10.937Z,성공,,accounts/104507447350151499722/locations/5686418019610099591/localPosts/6786700626813093527,"📱 아이폰18 프로, 어디에서 사전예약할 수 있나요? 아이폰18 프로 "
KT대리점 단구동 단구점,5da85231d698,2026-09-14T02:32:14.003Z,성공,,accounts/104507447350151499722/locations/11754182337714214810/localPosts/8278847139564264775,"📱 아이폰18 프로, 어디에서 사전예약할 수 있나요? 아이폰18 프로 "
KT대리점 대현동 이대역점,5da85231d698,2026-09-14T02:32:18.282Z,성공,,accounts/106046896090306251281/locations/16495764637428815808/localPosts/7443746851295381919,"📱 아이폰18 프로, 어디에서 사전예약할 수 있나요? 아이폰18 프로 "
KT대리점 덕이동 탄현역점,5da85231d698,2026-09-14T02:32:21.866Z,성공,,accounts/109421480404900709254/locations/11153234181327059319/localPosts/2679961023982461241,"📱 아이폰18 프로, 어디에서 사전예약할 수 있나요? 아이폰18 프로 "
KT대리점 도농동 도농역점,5da85231d698,2026-09-14T02:32:26.201Z,성공,,accounts/111268753801414551762/locations/1365850106253321/localPosts/6142124549295635612,"📱 아이폰18 프로, 어디에서 사전예약할 수 있나요? 아이폰18 프로 "
KT대리점 도화동 마포트라팰리스점,5da85231d698,2026-09-14T02:32:29.705Z,성공,,accounts/115111778077446567628/locations/10330839704292556653/localPosts/1420334455601474141,"📱 아이폰18 프로, 어디에서 사전예약할 수 있나요? 아이폰18 프로 "
KT대리점 동선동4가 성신여대입구역 6번출구점,5da85231d698,2026-09-14T02:32:33.804Z,성공,,accounts/103992920525134138076/locations/2697372942085237335/localPosts/3432702681962967210,"📱 아이폰18 프로, 어디에서 사전예약할 수 있나요? 아이폰18 프로 "
KT대리점 동소문동 한성대입구역 6번출구점,5da85231d698,2026-09-14T02:32:37.532Z,성공,,accounts/115111778077446567628/locations/746464873607415375/localPosts/5403939608736364450,"📱 아이폰18 프로, 어디에서 사전예약할 수 있나요? 아이폰18 프로 "
KT대리점 동패동 동패중앙점,5da85231d698,2026-09-14T02:32:41.216Z,성공,,accounts/102701826678154974491/locations/600943694838817992/localPosts/5447166545986321539,"📱 아이폰18 프로, 어디에서 사전예약할 수 있나요? 아이폰18 프로 "
KT대리점 마두동 백마마을점,5da85231d698,2026-09-14T02:32:45.888Z,성공,,accounts/109421480404900709254/locations/13299013617914890978/localPosts/3227399596864786840,"📱 아이폰18 프로, 어디에서 사전예약할 수 있나요? 아이폰18 프로 "
KT대리점 마두동 백마학원가점,5da85231d698,2026-09-14T02:32:50.283Z,성공,,accounts/109421480404900709254/locations/17625967361502431707/localPosts/5192899591083463592,"📱 아이폰18 프로, 어디에서 사전예약할 수 있나요? 아이폰18 프로 "
KT대리점 망우동 우림시장점,5da85231d698,2026-09-14T02:32:54.325Z,성공,,accounts/111268753801414551762/locations/12817808871008053624/localPosts/491940043347698894,"📱 아이폰18 프로, 어디에서 사전예약할 수 있나요? 아이폰18 프로 "
KT대리점 망원동 망원시장점,5da85231d698,2026-09-14T02:32:58.790Z,성공,,accounts/101998890810020906325/locations/15071805190761055343/localPosts/7732611881919464801,"📱 아이폰18 프로, 어디에서 사전예약할 수 있나요? 아이폰18 프로 "
KT대리점 망원동 망원역 2번출구점,5da85231d698,2026-09-14T02:33:02.713Z,성공,,accounts/115111778077446567628/locations/3432335654400259858/localPosts/8395859680395650370,"📱 아이폰18 프로, 어디에서 사전예약할 수 있나요? 아이폰18 프로 "
KT대리점 면목동 사가정역점,5da85231d698,2026-09-14T02:33:06.509Z,성공,,accounts/111268753801414551762/locations/656702513491489783/localPosts/4820756167315799353,"📱 아이폰18 프로, 어디에서 사전예약할 수 있나요? 아이폰18 프로 "
KT대리점 목동동 운정산내점,5da85231d698,2026-09-14T02:33:10.422Z,성공,,accounts/102701826678154974491/locations/10094279640351782607/localPosts/9214456439600782657,"📱 아이폰18 프로, 어디에서 사전예약할 수 있나요? 아이폰18 프로 "
KT대리점 방학동 방학역 북부점,5da85231d698,2026-09-14T02:33:14.161Z,성공,,accounts/102207828619627824231/locations/5481634536336718992/localPosts/4479158315889886439,"📱 아이폰18 프로, 어디에서 사전예약할 수 있나요? 아이폰18 프로 "
KT대리점 번동 수유역점,5da85231d698,2026-09-14T02:33:18.183Z,성공,,accounts/103992920525134138076/locations/14035036604341123840/localPosts/9003618869455655516,"📱 아이폰18 프로, 어디에서 사전예약할 수 있나요? 아이폰18 프로 "
KT대리점 별내동 별내역점,5da85231d698,2026-09-14T02:33:21.868Z,성공,,accounts/111268753801414551762/locations/8793958211042190268/localPosts/8634139504861373647,"📱 아이폰18 프로, 어디에서 사전예약할 수 있나요? 아이폰18 프로 "
KT대리점 별내면 청학점,5da85231d698,2026-09-14T02:33:25.964Z,성공,,accounts/111268753801414551762/locations/16734484168382249778/localPosts/4828380308309428845,"📱 아이폰18 프로, 어디에서 사전예약할 수 있나요? 아이폰18 프로 "
KT대리점 불광동 연신내역 3번출구점,5da85231d698,2026-09-14T02:33:29.960Z,성공,,accounts/101998890810020906325/locations/5476334622446527445/localPosts/7826485654277303489,"📱 아이폰18 프로, 어디에서 사전예약할 수 있나요? 아이폰18 프로 "
KT대리점 상계동 노원역점,5da85231d698,2026-09-14T02:33:34.567Z,성공,,accounts/109421480404900709254/locations/14917877650032246505/localPosts/819431152768999266,"📱 아이폰18 프로, 어디에서 사전예약할 수 있나요? 아이폰18 프로 "
KT대리점 상계동 마들역점,5da85231d698,2026-09-14T02:33:38.851Z,성공,,accounts/102207828619627824231/locations/8853753991878758434/localPosts/5204040627294489462,"📱 아이폰18 프로, 어디에서 사전예약할 수 있나요? 아이폰18 프로 "
KT대리점 상계동 수락산역점,5da85231d698,2026-09-14T02:33:43.579Z,성공,,accounts/102207828619627824231/locations/13400617766327460209/localPosts/8130041559946725091,"📱 아이폰18 프로, 어디에서 사전예약할 수 있나요? 아이폰18 프로 "
KT대리점 상봉동 동부시장점,5da85231d698,2026-09-14T02:33:48.492Z,성공,,accounts/111268753801414551762/locations/18284116512529052652/localPosts/4860377472889343592,"📱 아이폰18 프로, 어디에서 사전예약할 수 있나요? 아이폰18 프로 "
KT대리점 상봉동 망우역점,5da85231d698,2026-09-14T02:33:53.407Z,성공,,accounts/111268753801414551762/locations/186437148214717515/localPosts/3320417440812001957,"📱 아이폰18 프로, 어디에서 사전예약할 수 있나요? 아이폰18 프로 "
KT대리점 서교동 망원역 1번출구점,5da85231d698,2026-09-14T02:33:57.605Z,성공,,accounts/113739400927013049004/locations/3729711918942570625/localPosts/5525211931670018052,"📱 아이폰18 프로, 어디에서 사전예약할 수 있나요? 아이폰18 프로 "
KT대리점 서교동 합정역 5번출구점,5da85231d698,2026-09-14T02:34:02.008Z,성공,,accounts/106046896090306251281/locations/5419447976600648954/localPosts/2565381683119853798,"📱 아이폰18 프로, 어디에서 사전예약할 수 있나요? 아이폰18 프로 "
KT대리점 석관동 돌곶이역점,5da85231d698,2026-09-14T02:34:06.000Z,성공,,accounts/114813628990339364186/locations/3477582565731878882/localPosts/6116167198386407382,"📱 아이폰18 프로, 어디에서 사전예약할 수 있나요? 아이폰18 프로 "
KT대리점 석사동 석사점,5da85231d698,2026-09-14T02:34:09.893Z,성공,,accounts/109451264966328589264/locations/13126054525627492529/localPosts/5813254216221472444,"📱 아이폰18 프로, 어디에서 사전예약할 수 있나요? 아이폰18 프로 "
KT대리점 성사동 원당시장점,5da85231d698,2026-09-14T02:34:13.478Z,성공,,accounts/106046896090306251281/locations/6163358838202550311/localPosts/2176431843126231425,"📱 아이폰18 프로, 어디에서 사전예약할 수 있나요? 아이폰18 프로 "
KT대리점 성사동 원당역점,5da85231d698,2026-09-14T02:34:18.208Z,성공,,accounts/109421480404900709254/locations/6893165241992356267/localPosts/4378375680425902519,"📱 아이폰18 프로, 어디에서 사전예약할 수 있나요? 아이폰18 프로 "
KT대리점 수유동 수유사거리점,5da85231d698,2026-09-14T02:34:22.897Z,성공,,accounts/102207828619627824231/locations/16776184211354975770/localPosts/1857177837424849404,"📱 아이폰18 프로, 어디에서 사전예약할 수 있나요? 아이폰18 프로 "
KT대리점 수유동 수유시장점,5da85231d698,2026-09-14T02:34:26.359Z,성공,,accounts/102207828619627824231/locations/10584778087608459583/localPosts/7927339745313518034,"📱 아이폰18 프로, 어디에서 사전예약할 수 있나요? 아이폰18 프로 "
KT대리점 수택동 구리수택점,5da85231d698,2026-09-14T02:34:30.474Z,성공,,accounts/116721640260139751498/locations/10229124003933159184/localPosts/5120483924232252236,"📱 아이폰18 프로, 어디에서 사전예약할 수 있나요? 아이폰18 프로 "
KT대리점 수택동 장자못점,5da85231d698,2026-09-14T02:34:34.752Z,성공,,accounts/111268753801414551762/locations/2317844163262629249/localPosts/8107717823407249593,"📱 아이폰18 프로, 어디에서 사전예약할 수 있나요? 아이폰18 프로 "
KT대리점 신공덕동 공덕역 7번출구점,5da85231d698,2026-09-14T02:34:39.310Z,성공,,accounts/115111778077446567628/locations/15549177141822893508/localPosts/2266638970954283657,"📱 아이폰18 프로, 어디에서 사전예약할 수 있나요? 아이폰18 프로 "
KT대리점 신내동 중랑구청점,5da85231d698,2026-09-14T02:34:42.884Z,성공,,accounts/111268753801414551762/locations/1191924010988427573/localPosts/8844221855548980603,"📱 아이폰18 프로, 어디에서 사전예약할 수 있나요? 아이폰18 프로 "
KT대리점 신당동 약수역 9번출구점,5da85231d698,2026-09-14T02:34:46.717Z,성공,,accounts/115111778077446567628/locations/13587561309748047742/localPosts/6710726355687241674,"📱 아이폰18 프로, 어디에서 사전예약할 수 있나요? 아이폰18 프로 "
KT대리점 신사동 새절역점,5da85231d698,2026-09-14T02:34:50.929Z,성공,,accounts/113739400927013049004/locations/18214354852050954436/localPosts/6371946475057114905,"📱 아이폰18 프로, 어디에서 사전예약할 수 있나요? 아이폰18 프로 "
KT대리점 신원동 신원마을점,5da85231d698,2026-09-14T02:34:54.228Z,성공,,accounts/101998890810020906325/locations/10495785633877597020/localPosts/844101706550075380,"📱 아이폰18 프로, 어디에서 사전예약할 수 있나요? 아이폰18 프로 "
KT대리점 쌍문동 삼익세라믹사거리점,5da85231d698,2026-09-14T02:34:58.639Z,성공,,accounts/109421480404900709254/locations/14113226531752940310/localPosts/463855018913794714,"📱 아이폰18 프로, 어디에서 사전예약할 수 있나요? 아이폰18 프로 "
KT대리점 쌍문동 쌍문역 4번출구점,5da85231d698,2026-09-14T02:35:02.419Z,성공,,accounts/103992920525134138076/locations/7844394142976438836/localPosts/1044873297704098840,"📱 아이폰18 프로, 어디에서 사전예약할 수 있나요? 아이폰18 프로 "
KT대리점 쌍문동 쌍문역점,5da85231d698,2026-09-14T02:35:06.413Z,성공,,accounts/102207828619627824231/locations/6232682294570893835/localPosts/5890647821872142525,"📱 아이폰18 프로, 어디에서 사전예약할 수 있나요? 아이폰18 프로 "
KT대리점 역촌동 구산역점,5da85231d698,2026-09-14T02:35:10.746Z,성공,,accounts/101998890810020906325/locations/8535779539349378490/localPosts/6283883123685480217,"📱 아이폰18 프로, 어디에서 사전예약할 수 있나요? 아이폰18 프로 "
KT대리점 역촌동 역촌역점,5da85231d698,2026-09-14T02:35:15.428Z,성공,,accounts/113739400927013049004/locations/1876855060247450107/localPosts/5808888426669006431,"📱 아이폰18 프로, 어디에서 사전예약할 수 있나요? 아이폰18 프로 "
KT대리점 와동동 가람마을점,5da85231d698,2026-09-14T02:35:18.888Z,성공,,accounts/102701826678154974491/locations/4776474985695436992/localPosts/4432818757411050931,"📱 아이폰18 프로, 어디에서 사전예약할 수 있나요? 아이폰18 프로 "
KT대리점 와부읍 덕소삼거리점,5da85231d698,2026-09-14T02:35:23.719Z,성공,,accounts/111268753801414551762/locations/9365888276516124660/localPosts/5147099192305860813,"📱 아이폰18 프로, 어디에서 사전예약할 수 있나요? 아이폰18 프로 "
KT대리점 와부읍 덕소역점,5da85231d698,2026-09-14T02:35:27.710Z,성공,,accounts/111268753801414551762/locations/4610637241807967799/localPosts/2732358805417478867,"📱 아이폰18 프로, 어디에서 사전예약할 수 있나요? 아이폰18 프로 "
KT대리점 와부읍 도심역점,5da85231d698,2026-09-14T02:35:31.511Z,성공,,accounts/111268753801414551762/locations/1537845999341467802/localPosts/7478229908989839052,"📱 아이폰18 프로, 어디에서 사전예약할 수 있나요? 아이폰18 프로 "
KT대리점 용답동 용답역점,5da85231d698,2026-09-14T02:35:35.112Z,성공,,accounts/109361667690430744080/locations/7197365088354080110/localPosts/7730621240716567811,"📱 아이폰18 프로, 어디에서 사전예약할 수 있나요? 아이폰18 프로 "
KT대리점 용문동 용문시장점,5da85231d698,2026-09-14T02:35:38.952Z,성공,,accounts/115111778077446567628/locations/5642463796725278053/localPosts/6620018137619026781,"📱 아이폰18 프로, 어디에서 사전예약할 수 있나요? 아이폰18 프로 "
KT대리점 월계동 광운대역점,5da85231d698,2026-09-14T02:35:43.377Z,성공,,accounts/102207828619627824231/locations/16068496621182683772/localPosts/5501459299472749960,"📱 아이폰18 프로, 어디에서 사전예약할 수 있나요? 아이폰18 프로 "
KT대리점 월계동 석계역점,5da85231d698,2026-09-14T02:35:47.986Z,성공,,accounts/102207828619627824231/locations/537813082366450092/localPosts/3889349947568741979,"📱 아이폰18 프로, 어디에서 사전예약할 수 있나요? 아이폰18 프로 "
KT대리점 응암동 녹번역점,5da85231d698,2026-09-14T02:35:51.534Z,성공,,accounts/115111778077446567628/locations/4748948146716246937/localPosts/1195280221904497633,"📱 아이폰18 프로, 어디에서 사전예약할 수 있나요? 아이폰18 프로 "
KT대리점 응암동 응암시장점,5da85231d698,2026-09-14T02:35:56.486Z,성공,,accounts/115111778077446567628/locations/7741860580599912010/localPosts/3681498302068107310,"📱 아이폰18 프로, 어디에서 사전예약할 수 있나요? 아이폰18 프로 "
KT대리점 의정부동 의정부역 서부점,5da85231d698,2026-09-14T02:36:00.171Z,성공,,accounts/111268753801414551762/locations/13126404303664667686/localPosts/1963264241771484781,"📱 아이폰18 프로, 어디에서 사전예약할 수 있나요? 아이폰18 프로 "
KT대리점 의정부동 의정부행복로점,5da85231d698,2026-09-14T02:36:04.700Z,성공,,accounts/113888075524183508417/locations/12792916925558205183/localPosts/2135842890201770135,"📱 아이폰18 프로, 어디에서 사전예약할 수 있나요? 아이폰18 프로 "
KT대리점 이문동 외대앞역점,5da85231d698,2026-09-14T02:36:09.081Z,성공,,accounts/109361667690430744080/locations/3245625183794788611/localPosts/2484306852859142700,"📱 아이폰18 프로, 어디에서 사전예약할 수 있나요? 아이폰18 프로 "
KT대리점 인창동 동구릉로점,5da85231d698,2026-09-14T02:36:13.276Z,성공,,accounts/116721640260139751498/locations/2620239431012450954/localPosts/3707506777406996767,"📱 아이폰18 프로, 어디에서 사전예약할 수 있나요? 아이폰18 프로 "
KT대리점 일산동 일산역점,5da85231d698,2026-09-14T02:36:17.477Z,성공,,accounts/109421480404900709254/locations/2029642077665377620/localPosts/8156012128095763332,"📱 아이폰18 프로, 어디에서 사전예약할 수 있나요? 아이폰18 프로 "
KT대리점 일산동 후곡마을점,5da85231d698,2026-09-14T02:36:21.571Z,성공,,accounts/109421480404900709254/locations/123016355790643922/localPosts/2950893185653137397,"📱 아이폰18 프로, 어디에서 사전예약할 수 있나요? 아이폰18 프로 "
KT대리점 일산동 후곡학원가점,5da85231d698,2026-09-14T02:36:26.078Z,성공,,accounts/109421480404900709254/locations/11737447631557949425/localPosts/2232269659596879162,"📱 아이폰18 프로, 어디에서 사전예약할 수 있나요? 아이폰18 프로 "
KT대리점 임당동 강릉임당점,5da85231d698,2026-09-14T02:36:28.976Z,성공,,accounts/107140915927995871848/locations/661192574184192963/localPosts/23409156963605254,"📱 아이폰18 프로, 어디에서 사전예약할 수 있나요? 아이폰18 프로 "
KT대리점 입암동 입암점,5da85231d698,2026-09-14T02:36:32.322Z,성공,,accounts/107140915927995871848/locations/13698848452105694238/localPosts/299697508383478104,"📱 아이폰18 프로, 어디에서 사전예약할 수 있나요? 아이폰18 프로 "
KT대리점 자양동 건대입구역 5번출구점,5da85231d698,2026-09-14T02:36:36.420Z,성공,,accounts/111268753801414551762/locations/1035573647807764469/localPosts/9187724358401123789,"📱 아이폰18 프로, 어디에서 사전예약할 수 있나요? 아이폰18 프로 "
KT대리점 자양동 구의역점,5da85231d698,2026-09-14T02:36:40.226Z,성공,,accounts/109361667690430744080/locations/2924060622041982744/localPosts/6863179087602523676,"📱 아이폰18 프로, 어디에서 사전예약할 수 있나요? 아이폰18 프로 "
KT대리점 자양동 자양사거리점,5da85231d698,2026-09-14T02:36:44.405Z,성공,,accounts/109361667690430744080/locations/7997871074465322131/localPosts/8367582498527801453,"📱 아이폰18 프로, 어디에서 사전예약할 수 있나요? 아이폰18 프로 "
KT대리점 장안동 장안동사거리점,5da85231d698,2026-09-14T02:36:48.809Z,성공,,accounts/109361667690430744080/locations/14722852313364304151/localPosts/8613689580494121452,"📱 아이폰18 프로, 어디에서 사전예약할 수 있나요? 아이폰18 프로 "
KT대리점 장안동 장한평역점,5da85231d698,2026-09-14T02:36:53.109Z,성공,,accounts/109361667690430744080/locations/7498426307219344619/localPosts/6847514981237434031,"📱 아이폰18 프로, 어디에서 사전예약할 수 있나요? 아이폰18 프로 "
KT대리점 장항동 라페스타점,5da85231d698,2026-09-14T02:36:57.764Z,성공,,accounts/103992920525134138076/locations/16897742551810875966/localPosts/7363933550949987511,"📱 아이폰18 프로, 어디에서 사전예약할 수 있나요? 아이폰18 프로 "
KT대리점 장항동 웨스턴돔점,5da85231d698,2026-09-14T02:37:02.017Z,성공,,accounts/109421480404900709254/locations/9283629601056855582/localPosts/8277264203595088748,"📱 아이폰18 프로, 어디에서 사전예약할 수 있나요? 아이폰18 프로 "
KT대리점 장항동 정발산역점,5da85231d698,2026-09-14T02:37:06.317Z,성공,,accounts/103992920525134138076/locations/12890403240970315429/localPosts/4484361488640285074,"📱 아이폰18 프로, 어디에서 사전예약할 수 있나요? 아이폰18 프로 "
KT대리점 정릉동 길음뉴타운 10단지점,5da85231d698,2026-09-14T02:37:10.869Z,성공,,accounts/114813628990339364186/locations/8793683083114693551/localPosts/1998893497031898080,"📱 아이폰18 프로, 어디에서 사전예약할 수 있나요? 아이폰18 프로 "
KT대리점 주엽동 주엽역점,5da85231d698,2026-09-14T02:37:14.919Z,성공,,accounts/109421480404900709254/locations/4921955067909119628/localPosts/290410788143426731,"📱 아이폰18 프로, 어디에서 사전예약할 수 있나요? 아이폰18 프로 "
KT대리점 중계동 은행사거리 동북선점,5da85231d698,2026-09-14T02:37:18.810Z,성공,,accounts/109421480404900709254/locations/4469757765566807780/localPosts/6899818381977059422,"📱 아이폰18 프로, 어디에서 사전예약할 수 있나요? 아이폰18 프로 "
KT대리점 중계동 은행사거리점,5da85231d698,2026-09-14T02:37:23.747Z,성공,,accounts/109421480404900709254/locations/12647146423920416861/localPosts/4000658118161609343,"📱 아이폰18 프로, 어디에서 사전예약할 수 있나요? 아이폰18 프로 "
KT대리점 중계동 중계동학원가점,5da85231d698,2026-09-14T02:37:28.230Z,성공,,accounts/109421480404900709254/locations/18266980919672088026/localPosts/7180003511470426358,"📱 아이폰18 프로, 어디에서 사전예약할 수 있나요? 아이폰18 프로 "
KT대리점 중곡동 군자점,5da85231d698,2026-09-14T02:37:32.633Z,성공,,accounts/112909910869024757071/locations/7716481896070218583/localPosts/5032155841343432114,"📱 아이폰18 프로, 어디에서 사전예약할 수 있나요? 아이폰18 프로 "
KT대리점 중곡동 아차산역점,5da85231d698,2026-09-14T02:37:36.833Z,성공,,accounts/111268753801414551762/locations/11057741940828224281/localPosts/3214616073777913505,"📱 아이폰18 프로, 어디에서 사전예약할 수 있나요? 아이폰18 프로 "
KT대리점 중곡동 중곡사거리점,5da85231d698,2026-09-14T02:37:40.522Z,성공,,accounts/112909910869024757071/locations/6966226197098588144/localPosts/924242475228564051,"📱 아이폰18 프로, 어디에서 사전예약할 수 있나요? 아이폰18 프로 "
KT대리점 중곡동 중곡점,5da85231d698,2026-09-14T02:37:44.512Z,성공,,accounts/109361667690430744080/locations/8946278630341804665/localPosts/417167487328606911,"📱 아이폰18 프로, 어디에서 사전예약할 수 있나요? 아이폰18 프로 "
KT대리점 중산동 중산마을점,5da85231d698,2026-09-14T02:37:49.254Z,성공,,accounts/102701826678154974491/locations/6316798951065707404/localPosts/8902070186684524224,"📱 아이폰18 프로, 어디에서 사전예약할 수 있나요? 아이폰18 프로 "
KT대리점 중앙동 중앙로사거리점,5da85231d698,2026-09-14T02:37:53.522Z,성공,,accounts/104507447350151499722/locations/4651236995324880394/localPosts/2737938605615967198,"📱 아이폰18 프로, 어디에서 사전예약할 수 있나요? 아이폰18 프로 "
KT대리점 중앙로2가 춘천명동점,5da85231d698,2026-09-14T02:37:57.638Z,성공,,accounts/109451264966328589264/locations/8997708317137245267/localPosts/1252627568215052452,"📱 아이폰18 프로, 어디에서 사전예약할 수 있나요? 아이폰18 프로 "
KT대리점 중화동 중화역점,5da85231d698,2026-09-14T02:38:01.508Z,성공,,accounts/109421480404900709254/locations/4877533902333017019/localPosts/7318372621464049294,"📱 아이폰18 프로, 어디에서 사전예약할 수 있나요? 아이폰18 프로 "
KT대리점 지정면 기업도시광장점,5da85231d698,2026-09-14T02:38:05.239Z,성공,,accounts/104507447350151499722/locations/9157237773375834298/localPosts/1633281987401991296,"📱 아이폰18 프로, 어디에서 사전예약할 수 있나요? 아이폰18 프로 "
KT대리점 지정면 기업도시북부점,5da85231d698,2026-09-14T02:38:09.685Z,성공,,accounts/104507447350151499722/locations/17504494787199274992/localPosts/1099340369195375508,"📱 아이폰18 프로, 어디에서 사전예약할 수 있나요? 아이폰18 프로 "
KT대리점 지행동 지행역 2번출구점,5da85231d698,2026-09-14T02:38:13.284Z,성공,,accounts/111268753801414551762/locations/11186440443824677566/localPosts/4798036183107798252,"📱 아이폰18 프로, 어디에서 사전예약할 수 있나요? 아이폰18 프로 "
KT대리점 진관동 은평뉴타운점,5da85231d698,2026-09-14T02:38:16.972Z,성공,,accounts/113739400927013049004/locations/9479883653566207921/localPosts/7376348841018667224,"📱 아이폰18 프로, 어디에서 사전예약할 수 있나요? 아이폰18 프로 "
KT대리점 진접읍 장승점,5da85231d698,2026-09-14T02:38:21.360Z,성공,,accounts/116721640260139751498/locations/10755206601705886996/localPosts/3263929610368610169,"📱 아이폰18 프로, 어디에서 사전예약할 수 있나요? 아이폰18 프로 "
KT대리점 진접읍 장현점,5da85231d698,2026-09-14T02:38:25.059Z,성공,,accounts/116721640260139751498/locations/10995016562208552160/localPosts/3098963388795190632,"📱 아이폰18 프로, 어디에서 사전예약할 수 있나요? 아이폰18 프로 "
KT대리점 진접읍 진접점,5da85231d698,2026-09-14T02:38:29.481Z,성공,,accounts/116721640260139751498/locations/7801892464190469506/localPosts/1814068021898290636,"📱 아이폰18 프로, 어디에서 사전예약할 수 있나요? 아이폰18 프로 "
KT대리점 창동 신창시장점,5da85231d698,2026-09-14T02:38:33.523Z,성공,,accounts/111268753801414551762/locations/2691540111043232545/localPosts/6256479234457350402,"📱 아이폰18 프로, 어디에서 사전예약할 수 있나요? 아이폰18 프로 "
KT대리점 창동 쌍문역 1번출구점,5da85231d698,2026-09-14T02:38:37.464Z,성공,,accounts/103992920525134138076/locations/17837141441658465088/localPosts/5503474763186664524,"📱 아이폰18 프로, 어디에서 사전예약할 수 있나요? 아이폰18 프로 "
KT대리점 창동 쌍문역 2번출구점,5da85231d698,2026-09-14T02:38:41.622Z,성공,,accounts/103992920525134138076/locations/5732706635974178171/localPosts/7008279925816367929,"📱 아이폰18 프로, 어디에서 사전예약할 수 있나요? 아이폰18 프로 "
KT대리점 창동 창동역 1번출구점,5da85231d698,2026-09-14T02:38:45.759Z,성공,,accounts/113888075524183508417/locations/14146676399404779667/localPosts/8063743116801734967,"📱 아이폰18 프로, 어디에서 사전예약할 수 있나요? 아이폰18 프로 "
KT대리점 창동 창동역 2번출구점,5da85231d698,2026-09-14T02:38:50.248Z,성공,,accounts/113888075524183508417/locations/11995630416415356271/localPosts/6060044815887793789,"📱 아이폰18 프로, 어디에서 사전예약할 수 있나요? 아이폰18 프로 "
KT대리점 창신동 동대문역점,5da85231d698,2026-09-14T02:38:53.666Z,성공,,accounts/103992920525134138076/locations/5749862424432056157/localPosts/7120013736054637012,"📱 아이폰18 프로, 어디에서 사전예약할 수 있나요? 아이폰18 프로 "
KT대리점 천곡동 동해천곡점,5da85231d698,2026-09-14T02:38:58.032Z,성공,,accounts/107140915927995871848/locations/3446116441016417053/localPosts/8889046122739180183,"📱 아이폰18 프로, 어디에서 사전예약할 수 있나요? 아이폰18 프로 "
KT대리점 청량리동 청량리역 2번출구점,5da85231d698,2026-09-14T02:39:01.819Z,성공,,accounts/109361667690430744080/locations/7076566179985567100/localPosts/6734603861888171620,"📱 아이폰18 프로, 어디에서 사전예약할 수 있나요? 아이폰18 프로 "
KT대리점 탄현동 탄현사거리점,5da85231d698,2026-09-14T02:39:06.222Z,성공,,accounts/109421480404900709254/locations/2918466767625433829/localPosts/1364863330344496784,"📱 아이폰18 프로, 어디에서 사전예약할 수 있나요? 아이폰18 프로 "
KT대리점 탄현동 탄현역점,5da85231d698,2026-09-14T02:39:10.394Z,성공,,accounts/102701826678154974491/locations/5912811075441558158/localPosts/3226927201607886584,"📱 아이폰18 프로, 어디에서 사전예약할 수 있나요? 아이폰18 프로 "
KT대리점 퇴계원면 퇴계원점,5da85231d698,2026-09-14T02:39:16.183Z,성공,,accounts/116721640260139751498/locations/8436033998803005899/localPosts/5945617452410720538,"📱 아이폰18 프로, 어디에서 사전예약할 수 있나요? 아이폰18 프로 "
KT대리점 포남동 포남점,5da85231d698,2026-09-14T02:39:20.455Z,성공,,accounts/107140915927995871848/locations/2618984530939050709/localPosts/3427091817178526569,"📱 아이폰18 프로, 어디에서 사전예약할 수 있나요? 아이폰18 프로 "
KT대리점 하왕십리동 상왕십리역점,5da85231d698,2026-09-14T02:39:24.960Z,성공,,accounts/112909910869024757071/locations/14619378777037447561/localPosts/4026413982328503721,"📱 아이폰18 프로, 어디에서 사전예약할 수 있나요? 아이폰18 프로 "
KT대리점 하월곡동 동덕여대입구점,5da85231d698,2026-09-14T02:39:29.380Z,성공,,accounts/103992920525134138076/locations/11668461079525980417/localPosts/7002325640797303816,"📱 아이폰18 프로, 어디에서 사전예약할 수 있나요? 아이폰18 프로 "
KT대리점 하월곡동 방천시장입구점,5da85231d698,2026-09-14T02:39:33.459Z,성공,,accounts/114813628990339364186/locations/5848724526687087087/localPosts/3572378190813111889,"📱 아이폰18 프로, 어디에서 사전예약할 수 있나요? 아이폰18 프로 "
KT대리점 하월곡동 월곡역 3번출구점,5da85231d698,2026-09-14T02:39:37.845Z,성공,,accounts/103992920525134138076/locations/3009818681447327869/localPosts/4199012342784182152,"📱 아이폰18 프로, 어디에서 사전예약할 수 있나요? 아이폰18 프로 "
KT대리점 한남동 한남오거리점,5da85231d698,2026-09-14T02:39:42.502Z,성공,,accounts/111268753801414551762/locations/13826729646834794405/localPosts/5759604818356830208,"📱 아이폰18 프로, 어디에서 사전예약할 수 있나요? 아이폰18 프로 "
KT대리점 행당동 한양대점,5da85231d698,2026-09-14T02:39:46.497Z,성공,,accounts/112909910869024757071/locations/12548072602806200606/localPosts/6987304826436681779,"📱 아이폰18 프로, 어디에서 사전예약할 수 있나요? 아이폰18 프로 "
KT대리점 행신동 고양행신점,5da85231d698,2026-09-14T02:39:51.174Z,성공,,accounts/109421480404900709254/locations/8996755079062292206/localPosts/1277968591903501948,"📱 아이폰18 프로, 어디에서 사전예약할 수 있나요? 아이폰18 프로 "
KT대리점 행신동 서정마을점,5da85231d698,2026-09-14T02:39:55.282Z,성공,,accounts/102701826678154974491/locations/6611256780623022816/localPosts/3502337983400014131,"📱 아이폰18 프로, 어디에서 사전예약할 수 있나요? 아이폰18 프로 "
KT대리점 호원동 회룡역점,5da85231d698,2026-09-14T02:39:59.823Z,성공,,accounts/111268753801414551762/locations/10303541212758988529/localPosts/6792987230712050850,"📱 아이폰18 프로, 어디에서 사전예약할 수 있나요? 아이폰18 프로 "
KT대리점 호평동 평내호평 북부점,5da85231d698,2026-09-14T02:40:03.551Z,성공,,accounts/111268753801414551762/locations/12505930262854877966/localPosts/406371743291048195,"📱 아이폰18 프로, 어디에서 사전예약할 수 있나요? 아이폰18 프로 "
KT대리점 호평동 평내호평역 1번출구점,5da85231d698,2026-09-14T02:40:08.377Z,성공,,accounts/103992920525134138076/locations/1309194423489583295/localPosts/6404852601067161428,"📱 아이폰18 프로, 어디에서 사전예약할 수 있나요? 아이폰18 프로 "
KT대리점 호평동 평내호평점,5da85231d698,2026-09-14T02:40:12.370Z,성공,,accounts/111268753801414551762/locations/1576544964439514788/localPosts/2389122882150068961,"📱 아이폰18 프로, 어디에서 사전예약할 수 있나요? 아이폰18 프로 "
KT대리점 홍제동 홍제역 1번출구점,5da85231d698,2026-09-14T02:40:16.493Z,성공,,accounts/106046896090306251281/locations/2221790765448767305/localPosts/6707427200718456741,"📱 아이폰18 프로, 어디에서 사전예약할 수 있나요? 아이폰18 프로 "
KT대리점 홍제동 홍제역 3번출구점,5da85231d698,2026-09-14T02:40:20.151Z,성공,,accounts/106046896090306251281/locations/7814968536418318638/localPosts/2924178001130194416,"📱 아이폰18 프로, 어디에서 사전예약할 수 있나요? 아이폰18 프로 "
KT대리점 홍천읍 홍천플라자점,5da85231d698,2026-09-14T02:40:24.861Z,성공,,accounts/109451264966328589264/locations/15447938186628560310/localPosts/8001058912164478503,"📱 아이폰18 프로, 어디에서 사전예약할 수 있나요? 아이폰18 프로 "
KT대리점 화도읍 마석점,5da85231d698,2026-09-14T02:40:28.651Z,성공,,accounts/111268753801414551762/locations/6222329617534153009/localPosts/5831832734135830695,"📱 아이폰18 프로, 어디에서 사전예약할 수 있나요? 아이폰18 프로 "
KT대리점 화도읍 창현점,5da85231d698,2026-09-14T02:40:32.850Z,성공,,accounts/111268753801414551762/locations/13679217630930663447/localPosts/5728881408398728399,"📱 아이폰18 프로, 어디에서 사전예약할 수 있나요? 아이폰18 프로 "
KT대리점 화양동 세종대점,5da85231d698,2026-09-14T02:40:37.302Z,성공,,accounts/111268753801414551762/locations/11757798698930015774/localPosts/5295398057511371017,"📱 아이폰18 프로, 어디에서 사전예약할 수 있나요? 아이폰18 프로 "
KT대리점 화양동 화양시장점,5da85231d698,2026-09-14T02:40:41.244Z,성공,,accounts/109361667690430744080/locations/9390127227669386526/localPosts/8273244002188127697,"📱 아이폰18 프로, 어디에서 사전예약할 수 있나요? 아이폰18 프로 "
KT대리점 회기동 경희대삼거리점,5da85231d698,2026-09-14T02:40:45.340Z,성공,,accounts/111268753801414551762/locations/11291420734813811479/localPosts/7700900350305270756,"📱 아이폰18 프로, 어디에서 사전예약할 수 있나요? 아이폰18 프로 "
KT대리점 후평동 후평점,5da85231d698,2026-09-14T02:40:49.235Z,성공,,accounts/109451264966328589264/locations/5534059252251914981/localPosts/4571688679060526487,"📱 아이폰18 프로, 어디에서 사전예약할 수 있나요? 아이폰18 프로 "
KT대리점 휘경동 회기역점,5da85231d698,2026-09-14T02:40:53.635Z,성공,,accounts/109361667690430744080/locations/5233914761122491176/localPosts/589538538843574249,"📱 아이폰18 프로, 어디에서 사전예약할 수 있나요? 아이폰18 프로 "
KT플라자 반송동 동탄나루마을점,2d5491f4bfef,2026-09-18T08:51:55.794Z,성공,,accounts/108642176633190765581/locations/10441086142231643562/localPosts/6521825729628558950,"📱 아이폰18 프로, 기다림 없이 KT플라자 직영점에서 만나보세요! 새"
KT플라자 하안동 하안점,2d5491f4bfef,2026-09-18T08:51:59.609Z,성공,,accounts/108642176633190765581/locations/2749315110970479972/localPosts/1073897230803756676,"📱 아이폰18 프로, 기다림 없이 KT플라자 직영점에서 만나보세요! 새"
KT플라자 정릉동 정릉점,2d5491f4bfef,2026-09-18T08:52:04.447Z,성공,,accounts/108642176633190765581/locations/15015159007431041948/localPosts/6921723759819306515,"📱 아이폰18 프로, 기다림 없이 KT플라자 직영점에서 만나보세요! 새"
KT플라자 노형동 노형드림점,2d5491f4bfef,2026-09-18T08:52:09.865Z,성공,,accounts/108642176633190765581/locations/11382289267806730931/localPosts/1169257400565588646,"📱 아이폰18 프로, 기다림 없이 KT플라자 직영점에서 만나보세요! 새"
KT플라자 노고산동 신촌역점,2d5491f4bfef,2026-09-18T08:52:13.757Z,성공,,accounts/108642176633190765581/locations/10553576645061811154/localPosts/8848180624081820480,"📱 아이폰18 프로, 기다림 없이 KT플라자 직영점에서 만나보세요! 새"
KT플라자 대흥동 시네마점,2d5491f4bfef,2026-09-18T08:52:17.186Z,성공,,accounts/108642176633190765581/locations/4423232267008078835/localPosts/3069720654896263285,"📱 아이폰18 프로, 기다림 없이 KT플라자 직영점에서 만나보세요! 새"
KT플라자 수성동 대구은행역점,2d5491f4bfef,2026-09-18T08:52:20.219Z,성공,,accounts/108642176633190765581/locations/10266914556156697120/localPosts/8695789226208421304,"📱 아이폰18 프로, 기다림 없이 KT플라자 직영점에서 만나보세요! 새"
KT플라자 명동 을지로명동본점,2d5491f4bfef,2026-09-18T08:52:24.950Z,성공,,accounts/108642176633190765581/locations/3030412713029469151/localPosts/6864179655019741079,"📱 아이폰18 프로, 기다림 없이 KT플라자 직영점에서 만나보세요! 새"
KT플라자 상동 부천상동점,2d5491f4bfef,2026-09-18T08:52:29.226Z,성공,,accounts/108642176633190765581/locations/11133208004507971013/localPosts/8607782399224982989,"📱 아이폰18 프로, 기다림 없이 KT플라자 직영점에서 만나보세요! 새"
KT플라자 불광동 연신내역점,2d5491f4bfef,2026-09-18T08:52:33.213Z,성공,,accounts/108642176633190765581/locations/5109332904742190288/localPosts/8241851198668515199,"📱 아이폰18 프로, 기다림 없이 KT플라자 직영점에서 만나보세요! 새"
KT플라자 광명동 광명점,2d5491f4bfef,2026-09-18T08:52:37.012Z,성공,,accounts/108642176633190765581/locations/3290711783566963817/localPosts/8575871932318033543,"📱 아이폰18 프로, 기다림 없이 KT플라자 직영점에서 만나보세요! 새"
KT플라자 보정동 보정점,2d5491f4bfef,2026-09-18T08:52:42.795Z,성공,,accounts/108642176633190765581/locations/8043135407738246082/localPosts/8539876711418833680,"📱 아이폰18 프로, 기다림 없이 KT플라자 직영점에서 만나보세요! 새"
KT플라자 연동 연동점,2d5491f4bfef,2026-09-18T08:52:46.847Z,성공,,accounts/108642176633190765581/locations/6222930925236929473/localPosts/3554733766360324512,"📱 아이폰18 프로, 기다림 없이 KT플라자 직영점에서 만나보세요! 새"
KT플라자 신음동 김천중앙점,2d5491f4bfef,2026-09-18T08:52:51.188Z,성공,,accounts/108642176633190765581/locations/2534398099051041935/localPosts/1289194760858155583,"📱 아이폰18 프로, 기다림 없이 KT플라자 직영점에서 만나보세요! 새"
KT플라자 운흥동 안동홈플러스점,2d5491f4bfef,2026-09-18T08:52:57.588Z,성공,,accounts/108642176633190765581/locations/8314786293213493170/localPosts/3429671145540574078,"📱 아이폰18 프로, 기다림 없이 KT플라자 직영점에서 만나보세요! 새"
KT플라자 신매동 시지점,2d5491f4bfef,2026-09-18T08:53:01.118Z,성공,,accounts/108642176633190765581/locations/8641310655559691174/localPosts/3140353094471568380,"📱 아이폰18 프로, 기다림 없이 KT플라자 직영점에서 만나보세요! 새"
KT플라자 방배동 사당점,2d5491f4bfef,2026-09-18T08:53:04.548Z,성공,,accounts/108642176633190765581/locations/1722308835041395240/localPosts/5008455950638813717,"📱 아이폰18 프로, 기다림 없이 KT플라자 직영점에서 만나보세요! 새"
KT플라자 상동 목포상동점,2d5491f4bfef,2026-09-18T08:53:08.088Z,성공,,accounts/108642176633190765581/locations/661648759987771906/localPosts/3983766902302464535,"📱 아이폰18 프로, 기다림 없이 KT플라자 직영점에서 만나보세요! 새"
KT플라자 서현동 서현역점,2d5491f4bfef,2026-09-18T08:53:11.511Z,성공,,accounts/108642176633190765581/locations/4563973866082906827/localPosts/5017472797381994839,"📱 아이폰18 프로, 기다림 없이 KT플라자 직영점에서 만나보세요! 새"
KT플라자 나성동 세종첫마을점,2d5491f4bfef,2026-09-18T08:53:15.709Z,성공,,accounts/108642176633190765581/locations/15477859993133588832/localPosts/8820251084365125502,"📱 아이폰18 프로, 기다림 없이 KT플라자 직영점에서 만나보세요! 새"
KT플라자 서초동 강남대로점,2d5491f4bfef,2026-09-18T08:53:19.448Z,성공,,accounts/108642176633190765581/locations/3665296750084159382/localPosts/662063068341383343,"📱 아이폰18 프로, 기다림 없이 KT플라자 직영점에서 만나보세요! 새"
KT플라자 이도동 제주중앙점,2d5491f4bfef,2026-09-18T08:53:23.847Z,성공,,accounts/108642176633190765581/locations/10710654450785617433/localPosts/5464383047577028640,"📱 아이폰18 프로, 기다림 없이 KT플라자 직영점에서 만나보세요! 새"
KT플라자 천호동 천호점,2d5491f4bfef,2026-09-18T08:53:27.896Z,성공,,accounts/108642176633190765581/locations/3719143189620177718/localPosts/1377379460994604517,"📱 아이폰18 프로, 기다림 없이 KT플라자 직영점에서 만나보세요! 새"
KT플라자 역삼동 강남역점,2d5491f4bfef,2026-09-18T08:53:33.118Z,성공,,accounts/108642176633190765581/locations/1724642339996261638/localPosts/6480498496649397811,"📱 아이폰18 프로, 기다림 없이 KT플라자 직영점에서 만나보세요! 새"
KT플라자 동광양점,2d5491f4bfef,2026-09-18T08:53:38.857Z,성공,,accounts/108642176633190765581/locations/2890687889470396757/localPosts/9084802592095313117,"📱 아이폰18 프로, 기다림 없이 KT플라자 직영점에서 만나보세요! 새"
KT플라자 장지동 위례점,2d5491f4bfef,2026-09-18T08:53:41.973Z,성공,,accounts/108642176633190765581/locations/2206952876530185852/localPosts/1078906323135635140,"📱 아이폰18 프로, 기다림 없이 KT플라자 직영점에서 만나보세요! 새"
KT플라자 인의동 구미인동점,2d5491f4bfef,2026-09-18T08:53:45.223Z,성공,,accounts/108642176633190765581/locations/7980274348023100122/localPosts/5430286404611923803,"📱 아이폰18 프로, 기다림 없이 KT플라자 직영점에서 만나보세요! 새"
KT플라자 용해동 용해점,2d5491f4bfef,2026-09-18T08:53:48.683Z,성공,,accounts/108642176633190765581/locations/9805327075256712560/localPosts/1548340249808355607,"📱 아이폰18 프로, 기다림 없이 KT플라자 직영점에서 만나보세요! 새"
KT플라자 정관면 정관로점,2d5491f4bfef,2026-09-18T08:53:51.550Z,성공,,accounts/108642176633190765581/locations/4174919782182987283/localPosts/3099278470312803360,"📱 아이폰18 프로, 기다림 없이 KT플라자 직영점에서 만나보세요! 새"
KT플라자 두류동 감삼역점,2d5491f4bfef,2026-09-18T08:53:55.286Z,성공,,accounts/108642176633190765581/locations/10459895309541463325/localPosts/9049453456778052756,"📱 아이폰18 프로, 기다림 없이 KT플라자 직영점에서 만나보세요! 새"
KT플라자 정자동 정자역점,2d5491f4bfef,2026-09-18T08:53:58.777Z,성공,,accounts/108642176633190765581/locations/1485108101238970287/localPosts/6119273766595191216,"📱 아이폰18 프로, 기다림 없이 KT플라자 직영점에서 만나보세요! 새"
KT플라자 가경동 가경점,2d5491f4bfef,2026-09-18T08:54:02.712Z,성공,,accounts/108642176633190765581/locations/10631995688201630175/localPosts/7631825047246513170,"📱 아이폰18 프로, 기다림 없이 KT플라자 직영점에서 만나보세요! 새"
KT플라자 주안동 석바위점,2d5491f4bfef,2026-09-18T08:54:06.397Z,성공,,accounts/108642176633190765581/locations/6782102280278858283/localPosts/884547057593376713,"📱 아이폰18 프로, 기다림 없이 KT플라자 직영점에서 만나보세요! 새"
KT플라자 선암동 선운점,2d5491f4bfef,2026-09-18T08:54:10.392Z,성공,,accounts/108642176633190765581/locations/8235652926572467033/localPosts/3430121002790223095,"📱 아이폰18 프로, 기다림 없이 KT플라자 직영점에서 만나보세요! 새"
KT플라자 면목동 면목역점,2d5491f4bfef,2026-09-18T08:54:13.254Z,성공,,accounts/108642176633190765581/locations/17852713429777343948/localPosts/7260177335398850148,"📱 아이폰18 프로, 기다림 없이 KT플라자 직영점에서 만나보세요! 새"
KT플라자 구미동 오리점,2d5491f4bfef,2026-09-18T08:54:15.876Z,성공,,accounts/108642176633190765581/locations/17633893059099113007/localPosts/5922689764936825669,"📱 아이폰18 프로, 기다림 없이 KT플라자 직영점에서 만나보세요! 새"
KT플라자 동소문동 성신여대점,2d5491f4bfef,2026-09-18T08:54:19.024Z,성공,,accounts/108642176633190765581/locations/16184072425288371709/localPosts/6940951077840637220,"📱 아이폰18 프로, 기다림 없이 KT플라자 직영점에서 만나보세요! 새"
KT플라자 화서동 화서점,2d5491f4bfef,2026-09-18T08:54:22.885Z,성공,,accounts/108642176633190765581/locations/7988136947416763894/localPosts/782720244557373232,"📱 아이폰18 프로, 기다림 없이 KT플라자 직영점에서 만나보세요! 새"
KT플라자 수송동 수송점,2d5491f4bfef,2026-09-18T08:54:26.061Z,성공,,accounts/108642176633190765581/locations/3741666394060806865/localPosts/1001714665492797486,"📱 아이폰18 프로, 기다림 없이 KT플라자 직영점에서 만나보세요! 새"
KT플라자 효자동 포항효자점,2d5491f4bfef,2026-09-18T08:54:29.062Z,성공,,accounts/108642176633190765581/locations/6407641898040445411/localPosts/5998015738671471449,"📱 아이폰18 프로, 기다림 없이 KT플라자 직영점에서 만나보세요! 새"
KT플라자 삼전동 삼전점,2d5491f4bfef,2026-09-18T08:54:32.818Z,성공,,accounts/108642176633190765581/locations/16341599821348253783/localPosts/6862528690589015367,"📱 아이폰18 프로, 기다림 없이 KT플라자 직영점에서 만나보세요! 새"
KT플라자 마두동 마두역점,2d5491f4bfef,2026-09-18T08:54:36.585Z,성공,,accounts/108642176633190765581/locations/10431269720934846814/localPosts/4205916045192789929,"📱 아이폰18 프로, 기다림 없이 KT플라자 직영점에서 만나보세요! 새"
KT플라자 대천동 대천중앙로점,2d5491f4bfef,2026-09-18T08:54:39.579Z,성공,,accounts/108642176633190765581/locations/10348831812190877373/localPosts/6013474803075665469,"📱 아이폰18 프로, 기다림 없이 KT플라자 직영점에서 만나보세요! 새"
KT플라자 명일동 명일역점,2d5491f4bfef,2026-09-18T08:54:43.591Z,성공,,accounts/108642176633190765581/locations/8467437978996513555/localPosts/8517725709963685407,"📱 아이폰18 프로, 기다림 없이 KT플라자 직영점에서 만나보세요! 새"
KT플라자 석사동 석사점,2d5491f4bfef,2026-09-18T08:54:46.631Z,성공,,accounts/108642176633190765581/locations/7884728435119578091/localPosts/4783162321232296816,"📱 아이폰18 프로, 기다림 없이 KT플라자 직영점에서 만나보세요! 새"
KT플라자 중안동 진주중안점,2d5491f4bfef,2026-09-18T08:54:50.855Z,성공,,accounts/108642176633190765581/locations/846471987939808355/localPosts/9211387507074199974,"📱 아이폰18 프로, 기다림 없이 KT플라자 직영점에서 만나보세요! 새"
KT플라자 호계동 호계점,2d5491f4bfef,2026-09-18T08:54:54.855Z,성공,,accounts/108642176633190765581/locations/4360513238648410651/localPosts/8601592969229799258,"📱 아이폰18 프로, 기다림 없이 KT플라자 직영점에서 만나보세요! 새"
KT플라자 동문동 서산중앙점,2d5491f4bfef,2026-09-18T08:54:58.029Z,성공,,accounts/108642176633190765581/locations/6009580563590914748/localPosts/599402123903357157,"📱 아이폰18 프로, 기다림 없이 KT플라자 직영점에서 만나보세요! 새"
KT플라자 철산동 철산점,2d5491f4bfef,2026-09-18T08:55:01.289Z,성공,,accounts/108642176633190765581/locations/10301806896639057525/localPosts/6951599719116171907,"📱 아이폰18 프로, 기다림 없이 KT플라자 직영점에서 만나보세요! 새"
KT플라자 구미동 분당미금역점,2d5491f4bfef,2026-09-18T08:55:05.231Z,성공,,accounts/108642176633190765581/locations/18330903371147354847/localPosts/5273125071081306422,"📱 아이폰18 프로, 기다림 없이 KT플라자 직영점에서 만나보세요! 새"
KT플라자 산척동 동탄호수공원점,2d5491f4bfef,2026-09-18T08:55:08.249Z,성공,,accounts/108642176633190765581/locations/1761514591632839499/localPosts/6877283665519014993,"📱 아이폰18 프로, 기다림 없이 KT플라자 직영점에서 만나보세요! 새"
KT플라자 상인동 상인역점,2d5491f4bfef,2026-09-18T08:55:12.732Z,성공,,accounts/108642176633190765581/locations/3875399794306716702/localPosts/7027867388928062845,"📱 아이폰18 프로, 기다림 없이 KT플라자 직영점에서 만나보세요! 새"
KT플라자 봉천동 서울대점,2d5491f4bfef,2026-09-18T08:55:16.815Z,성공,,accounts/108642176633190765581/locations/9408372089865062560/localPosts/3467062448722717118,"📱 아이폰18 프로, 기다림 없이 KT플라자 직영점에서 만나보세요! 새"
KT플라자 역곡동 역곡점,2d5491f4bfef,2026-09-18T08:55:20.555Z,성공,,accounts/108642176633190765581/locations/6929381091086434999/localPosts/1004694840396617107,"📱 아이폰18 프로, 기다림 없이 KT플라자 직영점에서 만나보세요! 새"
KT플라자 진평동 진평점,2d5491f4bfef,2026-09-18T08:55:23.690Z,성공,,accounts/108642176633190765581/locations/12014407716662006236/localPosts/2335341065787492292,"📱 아이폰18 프로, 기다림 없이 KT플라자 직영점에서 만나보세요! 새"
KT플라자 율하동 율하점,2d5491f4bfef,2026-09-18T08:55:27.426Z,성공,,accounts/108642176633190765581/locations/2599274305348421779/localPosts/5988219930445993862,"📱 아이폰18 프로, 기다림 없이 KT플라자 직영점에서 만나보세요! 새"
KT플라자 화명동 화명역점,2d5491f4bfef,2026-09-18T08:55:31.291Z,성공,,accounts/108642176633190765581/locations/1335443214465841007/localPosts/4511588248221781176,"📱 아이폰18 프로, 기다림 없이 KT플라자 직영점에서 만나보세요! 새"
KT플라자 신림동 신림점,2d5491f4bfef,2026-09-18T08:55:34.676Z,성공,,accounts/108642176633190765581/locations/8890939540388698802/localPosts/105521515362975518,"📱 아이폰18 프로, 기다림 없이 KT플라자 직영점에서 만나보세요! 새"
KT플라자 감삼동 죽전점,2d5491f4bfef,2026-09-18T08:55:38.765Z,성공,,accounts/108642176633190765581/locations/5896421977033509373/localPosts/6845346859999061245,"📱 아이폰18 프로, 기다림 없이 KT플라자 직영점에서 만나보세요! 새"
KT플라자 충인동 충주충인점,2d5491f4bfef,2026-09-18T08:55:42.988Z,성공,,accounts/108642176633190765581/locations/4126679517337293636/localPosts/2741708810122465060,"📱 아이폰18 프로, 기다림 없이 KT플라자 직영점에서 만나보세요! 새"
KT플라자 부곡동 장유점,2d5491f4bfef,2026-09-18T08:55:47.112Z,성공,,accounts/108642176633190765581/locations/9249560149593229138/localPosts/6128575606356886272,"📱 아이폰18 프로, 기다림 없이 KT플라자 직영점에서 만나보세요! 새"
KT플라자 동문동 서산동문점,2d5491f4bfef,2026-09-18T08:55:49.940Z,성공,,accounts/108642176633190765581/locations/4819572500081978963/localPosts/8638352408654266634,"📱 아이폰18 프로, 기다림 없이 KT플라자 직영점에서 만나보세요! 새"
KT플라자 주월동 백운광장점,2d5491f4bfef,2026-09-18T08:55:54.125Z,성공,,accounts/108642176633190765581/locations/17958576087656834877/localPosts/5779237729161802494,"📱 아이폰18 프로, 기다림 없이 KT플라자 직영점에서 만나보세요! 새"
KT플라자 옥계동 구미옥계점,2d5491f4bfef,2026-09-18T08:55:57.105Z,성공,,accounts/108642176633190765581/locations/15375625964454396039/localPosts/1900446266272530330,"📱 아이폰18 프로, 기다림 없이 KT플라자 직영점에서 만나보세요! 새"
KT플라자 탄방동 문정로점,2d5491f4bfef,2026-09-18T08:56:00.683Z,성공,,accounts/108642176633190765581/locations/7386865973735279668/localPosts/9174031410117879665,"📱 아이폰18 프로, 기다림 없이 KT플라자 직영점에서 만나보세요! 새"
KT플라자 신대리 신대점,2d5491f4bfef,2026-09-18T08:56:04.850Z,성공,,accounts/108642176633190765581/locations/4747179711034388527/localPosts/1863328255929527692,"📱 아이폰18 프로, 기다림 없이 KT플라자 직영점에서 만나보세요! 새"
KT플라자 봉선동 봉선중앙점,2d5491f4bfef,2026-09-18T08:56:08.716Z,성공,,accounts/108642176633190765581/locations/380934041250764569/localPosts/8267805880323586459,"📱 아이폰18 프로, 기다림 없이 KT플라자 직영점에서 만나보세요! 새"
KT플라자 사우동 사우점,2d5491f4bfef,2026-09-18T08:56:11.608Z,성공,,accounts/108642176633190765581/locations/3267908099504292982/localPosts/1017609054372159191,"📱 아이폰18 프로, 기다림 없이 KT플라자 직영점에서 만나보세요! 새"
KT플라자 충무공동 진주혁신점,2d5491f4bfef,2026-09-18T08:56:15.272Z,성공,,accounts/108642176633190765581/locations/17434943185661212637/localPosts/4085218737767575486,"📱 아이폰18 프로, 기다림 없이 KT플라자 직영점에서 만나보세요! 새"
KT플라자 동천동 동천점,2d5491f4bfef,2026-09-18T08:56:18.911Z,성공,,accounts/108642176633190765581/locations/14669636094761517424/localPosts/3381062720596597352,"📱 아이폰18 프로, 기다림 없이 KT플라자 직영점에서 만나보세요! 새"
KT플라자 신길동 신길점,2d5491f4bfef,2026-09-18T08:56:23.054Z,성공,,accounts/108642176633190765581/locations/11344257564543177137/localPosts/8213256254679836971,"📱 아이폰18 프로, 기다림 없이 KT플라자 직영점에서 만나보세요! 새"
KT플라자 청학동 연수청학점,2d5491f4bfef,2026-09-18T08:56:26.715Z,성공,,accounts/108642176633190765581/locations/438761619316423484/localPosts/4247504303657828456,"📱 아이폰18 프로, 기다림 없이 KT플라자 직영점에서 만나보세요! 새"
KT플라자 옥동 안동옥동점,2d5491f4bfef,2026-09-18T08:56:30.992Z,성공,,accounts/108642176633190765581/locations/8730222295573490781/localPosts/7458235153737460407,"📱 아이폰18 프로, 기다림 없이 KT플라자 직영점에서 만나보세요! 새"
KT플라자 지행동 지행역점,2d5491f4bfef,2026-09-18T08:56:34.390Z,성공,,accounts/108642176633190765581/locations/7009252136836848615/localPosts/1186065072302019639,"📱 아이폰18 프로, 기다림 없이 KT플라자 직영점에서 만나보세요! 새"
KT플라자 동성로 동성로점,2d5491f4bfef,2026-09-18T08:56:38.260Z,성공,,accounts/108642176633190765581/locations/407105796127172584/localPosts/7565322886968813205,"📱 아이폰18 프로, 기다림 없이 KT플라자 직영점에서 만나보세요! 새"
KT플라자 종로 종각점,2d5491f4bfef,2026-09-18T08:56:41.742Z,성공,,accounts/108642176633190765581/locations/534415485613054700/localPosts/8144447802268173467,"📱 아이폰18 프로, 기다림 없이 KT플라자 직영점에서 만나보세요! 새"
KT플라자 화양동 건대입구역점,2d5491f4bfef,2026-09-18T08:56:46.223Z,성공,,accounts/108642176633190765581/locations/14030451650569580504/localPosts/3869153624053528423,"📱 아이폰18 프로, 기다림 없이 KT플라자 직영점에서 만나보세요! 새"
KT플라자 외동 김해외동점,2d5491f4bfef,2026-09-18T08:56:50.138Z,성공,,accounts/108642176633190765581/locations/18070371153448289434/localPosts/3371116849236649702,"📱 아이폰18 프로, 기다림 없이 KT플라자 직영점에서 만나보세요! 새"
KT플라자 오산동 동탄역점,2d5491f4bfef,2026-09-18T08:56:54.421Z,성공,,accounts/108642176633190765581/locations/7072098442671577078/localPosts/6789050038278054382,"📱 아이폰18 프로, 기다림 없이 KT플라자 직영점에서 만나보세요! 새"
KT플라자 용현동 용현점,2d5491f4bfef,2026-09-18T08:56:57.662Z,성공,,accounts/108642176633190765581/locations/8364272864677512293/localPosts/5134022265953971520,"📱 아이폰18 프로, 기다림 없이 KT플라자 직영점에서 만나보세요! 새"
KT플라자 평화동 평화점,2d5491f4bfef,2026-09-18T08:57:01.636Z,성공,,accounts/108642176633190765581/locations/17314336504475239235/localPosts/5898509847884417876,"📱 아이폰18 프로, 기다림 없이 KT플라자 직영점에서 만나보세요! 새"
KT플라자 청당동 청수점,2d5491f4bfef,2026-09-18T08:57:04.681Z,성공,,accounts/108642176633190765581/locations/16346399464056634091/localPosts/2611710951869685918,"📱 아이폰18 프로, 기다림 없이 KT플라자 직영점에서 만나보세요! 새"
KT플라자 대천동 안성중앙점,2d5491f4bfef,2026-09-18T08:57:09.061Z,성공,,accounts/108642176633190765581/locations/3704887858570807368/localPosts/1571988514258300530,"📱 아이폰18 프로, 기다림 없이 KT플라자 직영점에서 만나보세요! 새"
KT플라자 충무동 여수충무점,2d5491f4bfef,2026-09-18T08:57:13.241Z,성공,,accounts/108642176633190765581/locations/7757350751261421761/localPosts/3013259505465603776,"📱 아이폰18 프로, 기다림 없이 KT플라자 직영점에서 만나보세요! 새"
KT플라자 홍천읍 홍천중앙점,2d5491f4bfef,2026-09-18T08:57:16.968Z,성공,,accounts/108642176633190765581/locations/1640640919619216889/localPosts/1296641869691342663,"📱 아이폰18 프로, 기다림 없이 KT플라자 직영점에서 만나보세요! 새"
KT플라자 비산동 범계점,2d5491f4bfef,2026-09-18T08:57:20.067Z,성공,,accounts/108642176633190765581/locations/10660721299360949480/localPosts/1016494909939056423,"📱 아이폰18 프로, 기다림 없이 KT플라자 직영점에서 만나보세요! 새"
KT플라자 전하동 전하아이파크점,2d5491f4bfef,2026-09-18T08:57:24.342Z,성공,,accounts/108642176633190765581/locations/11696664013097109248/localPosts/4666235598254668123,"📱 아이폰18 프로, 기다림 없이 KT플라자 직영점에서 만나보세요! 새"
KT플라자 가오동 가오점,2d5491f4bfef,2026-09-18T08:57:27.416Z,성공,,accounts/108642176633190765581/locations/9171218801318082779/localPosts/3421000601491940775,"📱 아이폰18 프로, 기다림 없이 KT플라자 직영점에서 만나보세요! 새"
